message size, message key, sending time, receiving time(remote), forwarding time(remote), receiving time(local),cs delay,c-s-c delay,min(cs),mean(cs),max(cs),min(csc),mean(csc),max(csc)
Question 3,,,,,,,,,,,,,
1,1554185368.28884,1554185368.59528,1554185371.32192,1554185371.6595,1554185371.66389,2.72663998603821,3.06860995292664,2.72663998603821,3.15931596755981,3.42025995254517,4.28154993057251,3.92372798919678,4.28154993057251
2,1554185368.59555,1554185368.62756,1554185371.65983,1554185371.69187,1554185371.6965,3.03227019309998,3.06894016265869,2.92198991775513,3.19700598716736,3.40961003303528,4.2696099281311,3.88751797676086,4.2696099281311
4,1554185368.62769,1554185368.65946,1554185371.69211,1554185371.72468,1554185371.72903,3.03264999389648,3.0695698261261,2.93292999267578,3.19725193977356,3.39891982078552,4.22568988800049,3.85730991363525,4.22568988800049
8,1554185368.65959,1554185368.69135,1554185371.72497,1554185371.75678,1554185371.76123,3.03362011909485,3.06988000869751,2.94371008872986,3.22536206245422,3.42499017715454,4.18071007728577,3.82647399902344,4.18071007728577
16,1554185368.6915,1554185368.72329,1554185371.75701,1554185371.78892,1554185371.79353,3.03372001647949,3.07024002075195,2.95337009429932,3.25001602172852,3.5100200176239,4.14104008674622,3.80216403007507,4.14104008674622
32,1554185368.72341,1554185368.75519,1554185371.78917,1554185371.82085,1554185371.82541,3.03398013114929,3.07021999359131,2.96954011917114,3.25627207756042,3.49545001983643,4.0946900844574,3.7696900844574,4.0946900844574
64,1554185368.75541,1554185368.78712,1554185371.82105,1554185371.85278,1554185371.85725,3.0339298248291,3.07012987136841,2.9697802066803,3.25201992988586,3.48196983337402,4.04958987236023,3.73938794136047,4.04958987236023
128,1554185368.78724,1554185368.81902,1554185371.85294,1554185371.88465,1554185371.88905,3.03392004966736,3.07002997398376,2.9515700340271,3.24429001808166,3.46737003326416,4.00826001167297,3.70555801391602,4.00826001167297
256,1554185368.81914,1554185368.851,1554185371.88497,1554185371.92953,1554185371.94655,3.03396987915039,3.09554982185364,2.96009993553162,3.2562159538269,3.4640998840332,3.96534013748169,3.68005795478821,3.96534013748169
512,1554185368.85124,1554185368.92885,1554185371.92983,1554185371.97278,1554185371.97807,3.00098013877869,3.04922008514404,2.96124005317688,3.27220406532288,3.5650999546051,3.92397999763489,3.64270005226135,3.92397999763489
1024,1554185368.92901,1554185368.9606,1554185371.97298,1554185372.00494,1554185372.00953,3.01238012313843,3.04893016815186,3.01238012313843,3.30914597511291,3.66827988624573,3.89232993125916,3.61539998054504,3.89232993125916
2048,1554185368.96074,1554185368.99256,1554185372.00516,1554185372.11608,1554185372.12052,3.01260018348694,3.12796020507812,3.01260018348694,3.33138003349304,3.7720000743866,3.90987992286682,3.61475601196289,3.90987992286682
4096,1554185368.99269,1554185369.06234,1554185372.1164,1554185372.1514,1554185372.15581,3.0540599822998,3.09347009658813,3.02646994590759,3.34660801887512,3.85009002685547,4.71823000907898,3.7198920249939,4.71823000907898
8192,1554185369.06251,1554185369.20003,1554185372.1516,1554185372.23443,1554185372.26826,2.95156979560852,3.06822991371155,2.95156979560852,3.32480797767639,3.84724998474121,4.58207011222839,3.63034205436707,4.58207011222839
16384,1554185369.20023,1554185369.34125,1554185372.23474,1554185372.50576,1554185372.54389,2.89349007606506,3.20264005661011,2.89349007606506,3.3299699306488,3.9238498210907,4.5218198299408,3.6222499370575,4.5218198299408
32768,1554185369.34149,1554185369.53927,1554185372.5061,1554185372.71472,1554185372.79922,2.9668300151825,3.25995016098022,2.9668300151825,3.21306796073914,3.73062992095947,4.26800990104675,3.54289202690124,4.26800990104675
65536,1554185369.5395,1554185369.69675,1554185372.71506,1554185372.86237,1554185373.01482,3.01831007003784,3.31807017326355,3.01831007003784,3.28513398170471,3.81388998031616,4.12046003341675,3.58147406578064,4.12046003341675
131072,1554185369.69703,1554185369.93587,1554185372.86275,1554185373.13691,1554185373.39111,2.92688012123108,3.45524001121521,2.92688012123108,3.17299394607544,3.68725991249084,4.24796986579895,3.68251996040344,4.24796986579895
262144,1554185369.93611,1554185370.40263,1554185373.13737,1554185373.56204,1554185373.96729,2.7347400188446,3.56465983390808,2.7347400188446,3.03940205574036,3.6664400100708,4.68279004096985,3.94262399673462,4.68279004096985
524288,1554185370.40288,1554185371.20233,1554185373.56261,1554185374.34811,1554185375.22494,2.36027979850769,4.02260994911194,2.36027979850769,2.66482796669006,3.30631995201111,4.60859990119934,4.2555579662323,4.60859990119934
1,1554185371.20265,1554185371.33587,1554185374.34859,1554185374.39084,1554185375.32908,3.01271986961365,3.99321007728577,,,,,,
2,1554185371.33612,1554185371.46916,1554185374.39115,1554185374.4338,1554185375.32936,2.92198991775513,3.86019992828369,,,,,,
4,1554185371.46929,1554185371.50121,1554185374.43414,1554185374.47665,1554185375.32947,2.93292999267578,3.82825994491577,,,,,,
8,1554185371.5014,1554185371.53317,1554185374.47688,1554185374.51826,1554185375.32957,2.94371008872986,3.79640007019043,,,,,,
16,1554185371.53328,1554185371.56512,1554185374.51849,1554185374.56686,1554185375.32967,2.95337009429932,3.76454997062683,,,,,,
32,1554185371.56524,1554185371.59757,1554185374.56711,1554185374.59901,1554185375.32976,2.96954011917114,3.73219013214111,,,,,,
64,1554185371.59768,1554185371.6295,1554185374.59928,1554185374.63263,1554185375.32985,2.9697802066803,3.70035004615784,,,,,,
128,1554185371.62974,1554185371.68139,1554185374.63296,1554185374.6731,1554185375.32993,2.9515700340271,3.64854001998901,,,,,,
256,1554185371.68155,1554185371.71328,1554185374.67338,1554185374.70602,1554185375.33002,2.96009993553162,3.61673998832703,,,,,,
512,1554185371.71341,1554185371.74506,1554185374.7063,1554185374.79775,1554185375.3301,2.96124005317688,3.58504009246826,,,,,,
1024,1554185371.7452,1554185371.77847,1554185374.79806,1554185374.8298,1554185375.33019,3.01958990097046,3.55171990394592,,,,,,
2048,1554185371.77861,1554185371.81016,1554185374.8301,1554185374.86871,1554185375.33027,3.01994013786316,3.52011013031006,,,,,,
4096,1554185371.81029,1554185371.84251,1554185374.86898,1554185375.01839,1554185375.33036,3.02646994590759,3.48784995079041,,,,,,
8192,1554185371.84267,1554185371.87879,1554185375.01873,1554185375.08757,1554185375.33044,3.13994002342224,3.45165014266968,,,,,,
16384,1554185371.87903,1554185371.92981,1554185375.08779,1554185375.14247,1554185375.33054,3.15797996520996,3.40072989463806,,,,,,
32768,1554185371.92995,1554185372.12754,1554185375.14269,1554185375.34951,1554185375.40549,3.01514983177185,3.27794981002808,,,,,,
65536,1554185372.12771,1554185372.25251,1554185375.34982,1554185375.51745,1554185375.67301,3.09730982780457,3.42050004005432,,,,,,
131072,1554185372.25267,1554185372.51117,1554185375.51784,1554185375.78725,1554185376.02807,3.00666999816895,3.51690006256104,,,,,,
262144,1554185372.51138,1554185372.95576,1554185375.78771,1554185376.16449,1554185376.71927,2.83194994926453,3.76350998878479,,,,,,
524288,1554185372.95599,1554185373.73947,1554185376.16501,1554185377.02631,1554185377.78262,2.42553997039795,4.04314994812012,,,,,,
1,1554185373.73972,1554185373.78621,1554185377.02674,1554185377.0586,1554185377.82626,3.24053001403809,4.04005002975464,,,,,,
2,1554185373.78634,1554185373.82662,1554185377.05875,1554185377.09038,1554185377.82654,3.2321298122406,3.99991989135742,,,,,,
4,1554185373.82674,1554185373.85971,1554185377.09061,1554185377.22562,1554185377.82669,3.23090004920959,3.96697998046875,,,,,,
8,1554185373.85985,1554185373.89421,1554185377.22593,1554185377.30076,1554185377.82682,3.33171987533569,3.93260979652405,,,,,,
16,1554185373.89434,1554185373.92987,1554185377.30106,1554185377.37657,1554185377.82697,3.37119007110596,3.89710021018982,,,,,,
32,1554185373.92999,1554185373.9656,1554185377.37688,1554185377.4104,1554185377.82709,3.41127991676331,3.86149001121521,,,,,,
64,1554185373.96583,1554185373.99766,1554185377.41074,1554185377.44384,1554185377.82718,3.41307997703552,3.82951998710632,,,,,,
128,1554185373.99779,1554185374.02955,1554185377.44416,1554185377.48036,1554185377.82729,3.41460990905762,3.79773998260498,,,,,,
256,1554185374.02967,1554185374.06148,1554185377.48057,1554185377.52623,1554185377.82738,3.41909003257751,3.7658998966217,,,,,,
512,1554185374.06164,1554185374.0934,1554185377.52641,1554185377.57029,1554185377.82747,3.43301010131836,3.73407006263733,,,,,,
1024,1554185374.09355,1554185374.12543,1554185377.57046,1554185377.60945,1554185377.82756,3.44502997398376,3.70212984085083,,,,,,
2048,1554185374.12562,1554185374.16195,1554185377.60965,1554185377.6418,1554185377.82764,3.44769978523254,3.66568994522095,,,,,,
4096,1554185374.16219,1554185374.25895,1554185377.64211,1554185377.73266,1554185377.82773,3.38316011428833,3.56877994537354,,,,,,
8192,1554185374.2592,1554185374.36853,1554185377.7329,1554185377.77773,1554185377.82783,3.36436986923218,3.45930004119873,,,,,,
16384,1554185374.36877,1554185374.41996,1554185377.7779,1554185377.83163,1554185377.87019,3.35793995857239,3.45022988319397,,,,,,
32768,1554185374.42012,1554185374.63984,1554185377.8319,1554185378.05708,1554185378.14802,3.1920599937439,3.50818014144897,,,,,,
65536,1554185374.6401,1554185374.79619,1554185378.05743,1554185378.22188,1554185378.32939,3.26124000549316,3.53320002555847,,,,,,
131072,1554185374.79643,1554185375.07748,1554185378.22236,1554185378.50974,1554185378.66557,3.14487981796265,3.58808994293213,,,,,,
262144,1554185375.07773,1554185375.51417,1554185378.51025,1554185378.90279,1554185379.29067,2.99608016014099,3.77649998664856,,,,,,
524288,1554185375.51453,1554185376.26048,1554185378.90341,1554185379.69807,1554185380.53698,2.64293003082275,4.27649998664856,,,,,,
1,1554185376.26081,1554185376.30203,1554185379.69846,1554185379.73015,1554185380.53725,3.39643001556396,4.23521995544434,,,,,,
2,1554185376.30218,1554185376.34127,1554185379.7303,1554185379.77603,1554185380.61088,3.38902997970581,4.2696099281311,,,,,,
4,1554185376.34137,1554185376.38539,1554185379.77625,1554185379.82311,1554185380.61108,3.39085984230041,4.22568988800049,,,,,,
8,1554185376.3855,1554185376.4306,1554185379.82337,1554185379.85504,1554185380.61131,3.39277005195618,4.18071007728577,,,,,,
16,1554185376.43073,1554185376.47353,1554185379.85531,1554185379.8925,1554185380.61142,3.38177990913391,4.13788986206055,,,,,,
32,1554185376.47365,1554185376.52169,1554185379.8928,1554185379.92543,1554185380.61155,3.37111020088196,4.08986020088196,,,,,,
64,1554185376.52181,1554185376.56432,1554185379.92566,1554185379.95728,1554185380.61167,3.36133980751038,4.04734992980957,,,,,,
128,1554185376.56444,1554185376.60351,1554185379.95749,1554185380.05003,1554185380.61177,3.35398006439209,4.00826001167297,,,,,,
256,1554185376.60365,1554185376.64652,1554185380.05034,1554185380.0913,1554185380.61186,3.4038200378418,3.96534013748169,,,,,,
512,1554185376.64665,1554185376.69077,1554185380.09146,1554185380.13046,1554185380.61196,3.40069007873535,3.92119002342224,,,,,,
1024,1554185376.691,1554185376.73017,1554185380.13062,1554185380.16646,1554185380.61206,3.4004499912262,3.88189005851746,,,,,,
2048,1554185376.73028,1554185376.76201,1554185380.16667,1554185380.29994,1554185380.61215,3.40465998649597,3.8501398563385,,,,,,
4096,1554185376.76213,1554185376.88111,1554185380.30037,1554185380.34253,1554185380.61224,3.41926002502441,3.73113012313843,,,,,,
8192,1554185376.88127,1554185377.02187,1554185380.34278,1554185380.39292,1554185380.61233,3.32091021537781,3.59046006202698,,,,,,
16384,1554185377.02212,1554185377.07661,1554185380.3932,1554185380.45097,1554185380.61244,3.31658983230591,3.53583002090454,,,,,,
32768,1554185377.07678,1554185377.29069,1554185380.45136,1554185380.65985,1554185380.69106,3.16067004203796,3.4003701210022,,,,,,
65536,1554185377.29093,1554185377.42535,1554185380.66027,1554185380.82406,1554185380.94049,3.23492002487183,3.51514005661011,,,,,,
131072,1554185377.42561,1554185377.72513,1554185380.82441,1554185381.09632,1554185381.32953,3.09927988052368,3.60439991950989,,,,,,
262144,1554185377.72536,1554185378.12898,1554185381.09678,1554185381.47204,1554185382.05464,2.96780014038086,3.92566013336182,,,,,,
524288,1554185378.12924,1554185378.88358,1554185381.47265,1554185382.34911,1554185383.21051,2.58907008171082,4.32693004608154,,,,,,
1,1554185378.88382,1554185378.92927,1554185382.34953,1554185382.38151,1554185383.21082,3.42025995254517,4.28154993057251,,,,,,
2,1554185378.92945,1554185378.97202,1554185382.38163,1554185382.41374,1554185383.21094,3.40961003303528,4.23891997337341,,,,,,
4,1554185378.97214,1554185379.015,1554185382.41392,1554185382.48309,1554185383.21105,3.39891982078552,4.19604992866516,,,,,,
8,1554185379.01511,1554185379.05839,1554185382.48338,1554185382.6117,1554185383.21116,3.42499017715454,4.15277004241943,,,,,,
16,1554185379.05872,1554185379.10198,1554185382.612,1554185382.64366,1554185383.24302,3.5100200176239,4.14104008674622,,,,,,
32,1554185379.10211,1554185379.14846,1554185382.64391,1554185382.67547,1554185383.24315,3.49545001983643,4.0946900844574,,,,,,
64,1554185379.14859,1554185379.19368,1554185382.67565,1554185382.70735,1554185383.24327,3.48196983337402,4.04958987236023,,,,,,
128,1554185379.19393,1554185379.24016,1554185382.70753,1554185382.75055,1554185383.24338,3.46737003326416,4.00322008132935,,,,,,
256,1554185379.24034,1554185379.28672,1554185382.75082,1554185382.88438,1554185383.24348,3.4640998840332,3.95675992965698,,,,,,
512,1554185379.28686,1554185379.3196,1554185382.8847,1554185383.01935,1554185383.24358,3.5650999546051,3.92397999763489,,,,,,
1024,1554185379.31973,1554185379.35136,1554185383.01964,1554185383.15514,1554185383.24369,3.66827988624573,3.89232993125916,,,,,,
2048,1554185379.35149,1554185379.38345,1554185383.15545,1554185383.28887,1554185383.29333,3.7720000743866,3.90987992286682,,,,,,
4096,1554185379.3836,1554185379.43914,1554185383.28923,1554185383.42257,1554185384.15737,3.85009002685547,4.71823000907898,,,,,,
8192,1554185379.4393,1554185379.57561,1554185383.42286,1554185383.55944,1554185384.15768,3.84724998474121,4.58207011222839,,,,,,
16384,1554185379.57583,1554185379.63597,1554185383.55982,1554185383.62033,1554185384.15779,3.9238498210907,4.5218198299408,,,,,,
32768,1554185379.63611,1554185379.88991,1554185383.62054,1554185383.85115,1554185384.15792,3.73062992095947,4.26800990104675,,,,,,
65536,1554185379.89017,1554185380.03757,1554185383.85146,1554185383.9991,1554185384.15803,3.81388998031616,4.12046003341675,,,,,,
131072,1554185380.03777,1554185380.31222,1554185383.99948,1554185384.41249,1554185384.56019,3.68725991249084,4.24796986579895,,,,,,
262144,1554185380.31247,1554185380.7466,1554185384.41304,1554185384.78758,1554185385.42939,3.6664400100708,4.68279004096985,,,,,,
524288,1554185380.74682,1554185381.4818,1554185384.78812,1554185385.50402,1554185386.0904,3.30631995201111,4.60859990119934,,,,,,
Question 5, message key, sending time, receiving time(remote), forwarding time(remote), receiving time(local),cs delay,c-s-c delay,min(cs),mean(cs),max(cs),min(csc),mean(csc),max(csc)
32,1554185390.18544,1554185390.21761,1554185390.21307,1554185390.24506,1554185390.24964,-0.004539966583252,0.03203010559082,-0.004539966583252,0.005640029907227,0.013139963150025,0.03203010559082,0.071822023391724,0.180789947509766
32,1554185390.21786,1554185390.24987,1554185390.24533,1554185390.29338,1554185390.29793,-0.004539966583252,0.048059940338135,-0.004729986190796,0.029406023025513,0.112600088119507,0.049269914627075,0.116214036941528,0.181079864501953
32,1554185390.24999,1554185390.28154,1554185390.29369,1554185390.32623,1554185390.33074,0.012150049209595,0.049200057983399,-0.004729986190796,0.011588001251221,0.02170991897583,0.049269914627075,0.054528045654297,0.058700084686279
32,1554185390.28167,1554185390.31446,1554185390.32645,1554185390.359,1554185390.36349,0.011990070343018,0.049030065536499,0.482379913330078,0.59369387626648,0.768449783325195,0.519579887390137,0.720029973983765,0.936589956283569
32,1554185390.31464,1554185390.3461,1554185390.35924,1554185390.492,1554185390.52689,0.013139963150025,0.180789947509766,2.2589099407196,2.26663599014282,2.27320003509521,2.34789991378784,2.36185402870178,2.38102006912231
32,1554185394.96499,1554185394.99697,1554185394.99224,1554185395.14125,1554185395.1458,-0.004729986190796,0.14883017539978,0.511080026626587,0.600830030441284,0.692280054092407,0.547809839248657,0.707963991165161,0.822309970855713
32,1554185394.99727,1554185395.02895,1554185395.14155,1554185395.174,1554185395.17861,0.112600088119507,0.149660110473633,0.487919807434082,0.627553939819336,0.911959886550903,0.524780035018921,0.833135986328125,1.08378982543945
32,1554185395.02923,1554185395.16094,1554185395.17425,1554185395.20848,1554185395.21317,0.013309955596924,0.0522301197052,2.71451997756958,2.7335159778595,2.78442001342773,2.95243000984192,3.10746202468872,3.49880003929138
32,1554185395.16117,1554185395.19649,1554185395.20882,1554185395.24128,1554185395.24576,0.012330055236816,0.049269914627075,0.42861008644104,0.540923976898193,0.596970081329346,0.707839965820313,0.861243963241577,1.01678991317749
32,1554185395.19662,1554185395.22793,1554185395.24145,1554185395.37404,1554185395.40901,0.013520002365112,0.181079864501953,0.107069969177246,0.300014019012451,0.470510005950928,0.213319778442383,0.426457977294922,0.538520097732544
32,1554185400.00878,1554185400.04115,1554185400.03642,1554185400.08592,1554185400.09042,-0.004729986190796,0.049269914627075,0.073879957199097,0.086607933044434,0.596479892730713,0.111359834671021,0.250009965896606,0.427639961242676
32,1554185400.04144,1554185400.07337,1554185400.08624,1554185400.12694,1554185400.13207,0.012870073318482,0.058700084686279,,,,,,
32,1554185400.07364,1554185400.10553,1554185400.12724,1554185400.15926,1554185400.16371,0.02170991897583,0.058180093765259,,,,,,
32,1554185400.10572,1554185400.14855,1554185400.15957,1554185400.197,1554185400.20155,0.011019945144653,0.052999973297119,,,,,,
32,1554185400.14868,1554185400.18025,1554185400.19732,1554185400.22923,1554185400.23374,0.017070055007935,0.053490161895752,,,,,,
32,1554185405.04196,1554185405.07502,1554185405.55787,1554185405.58996,1554185405.5946,0.482849836349487,0.519579887390137,,,,,,
32,1554185405.0753,1554185405.10788,1554185405.59026,1554185405.70633,1554185405.71141,0.482379913330078,0.603529930114746,,,,,,
32,1554185405.10812,1554185405.13961,1554185405.70666,1554185405.83914,1554185405.87508,0.567049980163574,0.735470056533814,,,,,,
32,1554185405.13983,1554185405.17173,1554185405.83947,1554185405.97201,1554185405.97671,0.667739868164063,0.804980039596558,,,,,,
32,1554185405.17198,1554185405.2039,1554185405.97235,1554185406.10572,1554185406.14049,0.768449783325195,0.936589956283569,,,,,,
32,1554185410.06246,1554185410.09442,1554185412.35333,1554185412.39029,1554185412.44474,2.2589099407196,2.3503201007843,,,,,,
32,1554185410.09468,1554185410.12633,1554185412.39045,1554185412.4221,1554185412.50735,2.26412010192871,2.38102006912231,,,,,,
32,1554185410.12648,1554185410.15789,1554185412.42239,1554185412.4626,1554185412.5076,2.26449990272522,2.34970998764038,,,,,,
32,1554185410.15803,1554185410.18958,1554185412.46278,1554185412.49452,1554185412.5699,2.27320003509521,2.38032007217407,,,,,,
32,1554185410.18973,1554185410.22217,1554185412.49462,1554185412.52634,1554185412.57007,2.27244997024536,2.34789991378784,,,,,,
32,1554185414.71083,1554185414.74267,1554185415.25375,1554185415.28591,1554185415.29048,0.511080026626587,0.547809839248657,,,,,,
32,1554185414.74293,1554185414.77469,1554185415.28612,1554185415.40342,1554185415.40873,0.511430025100708,0.634040117263794,,,,,,
32,1554185414.77481,1554185414.80666,1554185415.40375,1554185415.53744,1554185415.62897,0.597090005874634,0.822309970855713,,,,,,
32,1554185414.80678,1554185414.84547,1554185415.53774,1554185415.56957,1554185415.62923,0.692270040512085,0.783760070800781,,,,,,
32,1554185414.84567,1554185414.87744,1554185415.56972,1554185415.60148,1554185415.62934,0.692280054092407,0.75189995765686,,,,,,
32,1554185419.53418,1554185419.56607,1554185420.05399,1554185420.08625,1554185420.09085,0.487919807434082,0.524780035018921,,,,,,
32,1554185419.56634,1554185419.59804,1554185420.08655,1554185420.20304,1554185420.20769,0.488509893417358,0.609649896621704,,,,,,
32,1554185419.59822,1554185419.6297,1554185420.20335,1554185420.33671,1554185420.61909,0.573650121688843,0.989390134811401,,,,,,
32,1554185419.62985,1554185419.66127,1554185420.337,1554185420.60466,1554185420.61934,0.675729990005493,0.958070039749146,,,,,,
32,1554185419.66144,1554185419.69302,1554185420.60498,1554185420.73707,1554185420.77681,0.911959886550903,1.08378982543945,,,,,,
32,1554185424.55777,1554185424.82646,1554185427.61088,1554185427.64303,1554185427.91268,2.78442001342773,3.08622002601624,,,,,,
32,1554185424.82678,1554185424.92832,1554185427.64318,1554185427.67472,1554185427.94417,2.71485996246338,3.01585006713867,,,,,,
32,1554185424.92862,1554185424.9603,1554185427.67482,1554185427.71854,1554185427.94431,2.71451997756958,2.9840099811554,,,,,,
32,1554185424.96043,1554185424.992,1554185427.71874,1554185427.75057,1554185427.94443,2.72673988342285,2.95243000984192,,,,,,
32,1554185424.99216,1554185425.02371,1554185427.75075,1554185428.14984,1554185428.52251,2.72704005241394,3.49880003929138,,,,,,
32,1554185430.14486,1554185430.17695,1554185430.77392,1554185430.80595,1554185430.8893,0.596970081329346,0.712350130081177,,,,,,
32,1554185430.17721,1554185430.21949,1554185430.80614,1554185430.92271,1554185430.92733,0.586649894714356,0.707839965820313,,,,,,
32,1554185430.21965,1554185430.4944,1554185430.92301,1554185431.05643,1554185431.51119,0.42861008644104,1.01678991317749,,,,,,
32,1554185430.49463,1554185430.56082,1554185431.05673,1554185431.18906,1554185431.51142,0.495909929275513,0.950599908828735,,,,,,
32,1554185430.561,1554185430.59288,1554185431.18936,1554185431.26056,1554185431.51152,0.596479892730713,0.918639898300171,,,,,,
32,1554185435.95818,1554185435.99017,1554185436.4058,1554185436.43796,1554185436.44265,0.415630102157593,0.45248007774353,,,,,,
32,1554185435.99043,1554185436.26237,1554185436.43818,1554185436.47107,1554185436.47569,0.175809860229492,0.213319778442383,,,,,,
32,1554185436.26266,1554185436.36418,1554185436.47125,1554185436.79012,1554185436.79478,0.107069969177246,0.430599927902222,,,,,,
32,1554185436.36437,1554185436.45937,1554185436.79042,1554185436.90294,1554185436.95674,0.331050157546997,0.497370004653931,,,,,,
32,1554185436.45958,1554185436.49171,1554185436.96222,1554185436.9944,1554185437.03023,0.470510005950928,0.538520097732544,,,,,,
32,1554185441.61725,1554185441.64965,1554185441.72417,1554185441.75627,1554185441.76101,0.074519872665405,0.111359834671021,,,,,,
32,1554185441.64992,1554185441.68187,1554185441.78701,1554185441.8189,1554185441.82361,0.105139970779419,0.141740083694458,,,,,,
32,1554185441.68199,1554185441.7139,1554185441.81919,1554185441.85109,1554185441.85577,0.105289936065674,0.141870021820068,,,,,,
32,1554185441.71405,1554185441.77751,1554185441.85139,1554185441.88361,1554185442.20515,0.073879957199097,0.427639961242676,,,,,,
32,1554185441.7777,1554185441.80967,1554185441.88388,1554185441.95064,1554185442.23711,0.074209928512573,0.42743992805481,,,,,,
Question 10, message key, sending time, receiving time(remote), forwarding time(remote), receiving time(local),cs delay,c-s-c delay,min(csc),mean(csc),max(csc),,,
32,1554185459.86617,1554185459.89813,1554185460.6192,1554185460.65108,1554185460.65578,0.721070051193237,0.757650136947632,0.03137993812561,0.87031219959259,2.42447996139526,,,
32,1554185460.89953,1554185460.93151,1554185462.73213,1554185462.76396,1554185462.98286,1.80062007904053,2.05135011672974,0.031509876251221,0.915821008682251,3.57241988182068,,,
32,1554185461.9329,1554185461.96474,1554185462.76422,1554185462.79606,1554185462.98313,0.799479961395264,1.01838994026184,0.03138017654419,0.312533802986145,0.833319902420044,,,
32,1554185462.96613,1554185462.9982,1554185462.99557,1554185463.02737,1554185463.03212,-0.002629995346069,0.033920049667358,0.03154993057251,0.469942407608032,1.55883979797363,,,
32,1554185463.99956,1554185464.03166,1554185464.02684,1554185464.05873,1554185464.06359,-0.004820108413696,0.031929969787598,0.031630039215088,0.054191813468933,0.111800193786621,,,
32,1554185465.03301,1554185465.06511,1554185465.0604,1554185465.09231,1554185465.09709,-0.004709959030151,0.031980037689209,0.031110048294067,0.053247013092041,0.080209970474243,,,
32,1554185466.06653,1554185466.09856,1554185466.09374,1554185466.12571,1554185466.13036,-0.004820108413696,0.031799793243408,0.184430122375488,0.266410012245178,0.436929941177368,,,
32,1554185467.09992,1554185467.13212,1554185468.61082,1554185468.6425,1554185469.1835,1.47870016098022,2.0513801574707,0.119859933853149,0.151910791397095,0.292220115661621,,,
32,1554185468.13346,1554185468.16537,1554185468.64267,1554185468.67405,1554185469.18375,0.477299928665161,1.01837992668152,0.115999937057495,0.127251801490784,0.185500144958496,,,
32,1554185469.16679,1554185469.19874,1554185469.61945,1554185469.65182,1554185469.65605,0.42071008682251,0.45730996131897,,,,,,
32,1554185470.20008,1554185470.23193,1554185472.61958,1554185472.65166,1554185472.65641,2.38765001296997,2.42447996139526,,,,,,
32,1554185471.23326,1554185471.26526,1554185472.65186,1554185472.6837,1554185472.68851,1.38660001754761,1.42324995994568,,,,,,
32,1554185472.26663,1554185472.29853,1554185472.68387,1554185472.7157,1554185472.72046,0.385339975357056,0.421929836273193,,,,,,
32,1554185473.29991,1554185473.33186,1554185473.61106,1554185473.64279,1554185474.34992,0.279199838638306,1.01805996894836,,,,,,
32,1554185474.33326,1554185474.36517,1554185475.61948,1554185475.65136,1554185475.65615,1.25430989265442,1.29098010063171,,,,,,
32,1554185475.36652,1554185475.39848,1554185475.65149,1554185475.6833,1554185475.68826,0.253010034561157,0.289780139923096,,,,,,
32,1554185476.39985,1554185476.43288,1554185478.61078,1554185478.64254,1554185478.64721,2.17790007591248,2.21432995796204,,,,,,
32,1554185477.43422,1554185477.46616,1554185478.64273,1554185478.67429,1554185478.67903,1.17656993865967,1.21286988258362,,,,,,
32,1554185478.46751,1554185478.49932,1554185478.67446,1554185478.706,1554185478.71078,0.175139904022217,0.211459875106812,,,,,,
32,1554185479.50068,1554185479.53251,1554185481.61947,1554185481.65122,1554185481.65596,2.08695983886719,2.12345004081726,,,,,,
32,1554185480.53385,1554185480.56563,1554185481.65141,1554185481.68304,1554185481.68779,1.08578014373779,1.12215995788574,,,,,,
32,1554185481.56696,1554185481.59879,1554185481.68321,1554185481.71488,1554185481.71967,0.084419965744019,0.120880126953125,,,,,,
32,1554185482.60013,1554185482.63219,1554185483.61095,1554185483.64268,1554185483.65016,0.978760004043579,1.01797008514404,,,,,,
32,1554185483.63363,1554185483.66546,1554185483.66058,1554185483.69233,1554185483.69708,-0.00488018989563,0.031619787216187,,,,,,
32,1554185484.66674,1554185484.69924,1554185484.69384,1554185484.72584,1554185484.73062,-0.005399942398071,0.03137993812561,,,,,,
32,1554185485.70059,1554185485.73255,1554185485.72765,1554185485.75949,1554185485.76429,-0.004899978637695,0.031740188598633,,,,,,
32,1554185486.73391,1554185486.7658,1554185487.61977,1554185487.65149,1554185487.65629,0.853970050811768,0.890490055084229,,,,,,
32,1554185487.76714,1554185487.79891,1554185487.8764,1554185487.90838,1554185487.91328,0.077490091323853,0.114370107650757,,,,,,
32,1554185488.80025,1554185488.83236,1554185488.82741,1554185488.85928,1554185488.86404,-0.004950046539307,0.03167986869812,,,,,,
32,1554185489.83375,1554185489.86559,1554185490.6198,1554185490.65168,1554185490.65648,0.754209995269775,0.790889978408814,,,,,,
32,1554185490.86694,1554185490.8987,1554185491.03652,1554185491.06842,1554185491.91687,0.13782000541687,1.01817011833191,,,,,,
32,1554185491.90005,1554185491.93205,1554185493.61113,1554185493.64286,1554185493.64766,1.67908000946045,1.71561002731323,,,,,,
32,1554185492.93334,1554185492.9652,1554185493.64299,1554185493.67468,1554185493.67944,0.67779016494751,0.714240074157715,,,,,,
32,1554185493.96657,1554185493.9984,1554185494.09244,1554185494.1242,1554185494.6232,0.094039916992188,0.624799966812134,,,,,,
32,1554185494.9998,1554185495.03168,1554185496.61998,1554185496.65187,1554185496.65665,1.58829998970032,1.62496995925903,,,,,,
32,1554185496.03314,1554185496.06498,1554185496.65198,1554185496.68381,1554185496.68848,0.586999893188477,0.623499870300293,,,,,,
32,1554185497.06633,1554185497.09826,1554185497.10428,1554185497.13621,1554185497.14105,0.006020069122314,0.042790174484253,,,,,,
32,1554185498.09958,1554185498.13133,1554185498.61134,1554185498.64301,1554185499.14956,0.480010032653809,1.01822996139526,,,,,,
32,1554185499.13271,1554185499.16468,1554185499.15991,1554185499.19187,1554185499.19661,-0.004770040512085,0.031929969787598,,,,,,
32,1554185500.166,1554185500.19805,1554185500.19324,1554185500.22501,1554185500.2297,-0.004810094833374,0.031650066375733,,,,,,
32,1554185501.19941,1554185501.23145,1554185502.62009,1554185502.65196,1554185502.65683,1.3886399269104,1.42537999153137,,,,,,
32,1554185502.2328,1554185502.26478,1554185502.65209,1554185502.68366,1554185502.68853,0.387310028076172,0.423749923706055,,,,,,
32,1554185503.26612,1554185503.29795,1554185503.6114,1554185503.64296,1554185504.31607,0.313449859619141,1.0181200504303,,,,,,
32,1554185504.2993,1554185504.3311,1554185505.62011,1554185505.65218,1554185505.65696,1.2890100479126,1.32586002349854,,,,,,
32,1554185505.33243,1554185505.36491,1554185505.65237,1554185505.68425,1554185505.68922,0.287460088729858,0.324310064315796,,,,,,
32,1554185506.36628,1554185506.39809,1554185508.6115,1554185508.6434,1554185508.64829,2.21341013908386,2.25020003318787,,,,,,
32,1554185507.39944,1554185507.4319,1554185508.64355,1554185508.67532,1554185508.68011,1.21164989471436,1.24820995330811,,,,,,
32,1554185508.43325,1554185508.46511,1554185508.67551,1554185508.70718,1554185508.71197,0.210399866104126,0.246860027313232,,,,,,
32,1554185509.46643,1554185509.49823,1554185511.62015,1554185511.65179,1554185511.76924,2.12192010879517,2.27100992202759,,,,,,
32,1554185510.49956,1554185510.53131,1554185511.65192,1554185511.68335,1554185511.76947,1.120609998703,1.23815989494324,,,,,,
32,1554185511.53267,1554185511.56456,1554185511.68363,1554185511.71522,1554185511.76959,0.119070053100586,0.205029964447021,,,,,,
32,1554185512.06545,1554185512.09742,1554185512.09248,1554185512.12444,1554185512.12926,-0.004940032958984,0.031840085983276,,,,,,
32,1554185512.59826,1554185512.63,1554185513.6116,1554185513.64325,1554185513.67991,0.981599807739258,1.04990983009338,,,,,,
32,1554185513.13084,1554185513.16274,1554185513.64345,1554185513.67504,1554185513.68016,0.480710029602051,0.517420053482056,,,,,,
32,1554185513.66357,1554185513.69528,1554185513.69026,1554185513.72188,1554185513.72679,-0.005020141601563,0.031509876251221,,,,,,
32,1554185514.19607,1554185514.22787,1554185514.24479,1554185514.27672,1554185514.28157,0.01692008972168,0.053699970245361,,,,,,
32,1554185514.72874,1554185514.76057,1554185515.11653,1554185515.14831,1554185515.24127,0.355959892272949,0.480700016021729,,,,,,
32,1554185515.26141,1554185515.29309,1554185515.62841,1554185515.66017,1554185515.81041,0.335319995880127,0.517319917678833,,,,,,
32,1554185515.79389,1554185515.82559,1554185516.14062,1554185516.17231,1554185516.34421,0.315030097961426,0.518620014190674,,,,,,
32,1554185516.3264,1554185516.35825,1554185517.62011,1554185517.65187,1554185517.65676,1.26186013221741,1.29851007461548,,,,,,
32,1554185516.85908,1554185516.89085,1554185517.65205,1554185517.68359,1554185517.6886,0.761199951171875,0.797749996185303,,,,,,
32,1554185517.39174,1554185517.42372,1554185517.68375,1554185517.7153,1554185517.7204,0.260030031204224,0.296680212020874,,,,,,
32,1554185517.92456,1554185517.95636,1554185518.03249,1554185518.06428,1554185518.47403,0.076129913330078,0.517669916152954,,,,,,
32,1554185518.45725,1554185518.48907,1554185518.50846,1554185518.54047,1554185518.54545,0.019390106201172,0.056380033493042,,,,,,
32,1554185518.9899,1554185519.02161,1554185520.61999,1554185520.65187,1554185520.65669,1.59838008880615,1.63507986068726,,,,,,
32,1554185519.52245,1554185519.55428,1554185520.65208,1554185520.68392,1554185520.68875,1.0978000164032,1.13446998596191,,,,,,
32,1554185520.05513,1554185520.08704,1554185520.68412,1554185520.71592,1554185520.72075,0.597079992294312,0.633710145950317,,,,,,
32,1554185520.58787,1554185520.61973,1554185520.71611,1554185520.74798,1554185520.75284,0.096379995346069,0.133110046386719,,,,,,
32,1554185521.12055,1554185521.15303,1554185523.61182,1554185523.64382,1554185523.64858,2.45879006385803,2.49555015563965,,,,,,
32,1554185521.65391,1554185521.68582,1554185523.64405,1554185523.67581,1554185523.68057,1.95822978019714,1.9947497844696,,,,,,
32,1554185522.18667,1554185522.21857,1554185523.676,1554185523.70841,1554185523.71265,1.45743012428284,1.49408006668091,,,,,,
32,1554185522.71945,1554185522.75137,1554185523.70861,1554185523.7404,1554185523.74527,0.957240104675293,0.993900060653687,,,,,,
32,1554185523.25222,1554185523.28417,1554185523.74059,1554185523.77237,1554185523.77725,0.456420183181763,0.493080139160156,,,,,,
32,1554185523.78498,1554185523.81679,1554185523.81188,1554185523.84455,1554185523.84943,-0.004909992218018,0.032639980316162,,,,,,
32,1554185524.31762,1554185524.34947,1554185526.62021,1554185526.65199,1554185526.65691,2.27074003219604,2.30744004249573,,,,,,
32,1554185524.85037,1554185524.88229,1554185526.65212,1554185526.68365,1554185526.68861,1.76983022689819,1.80632019042969,,,,,,
32,1554185525.38314,1554185525.41517,1554185526.68381,1554185526.71558,1554185526.72044,1.26864004135132,1.30526995658875,,,,,,
32,1554185525.91612,1554185525.94797,1554185526.71577,1554185526.74757,1554185526.7525,0.767800092697144,0.804530143737793,,,,,,
32,1554185526.44884,1554185526.48063,1554185526.74771,1554185526.77943,1554185526.78444,0.267080068588257,0.303810119628906,,,,,,
32,1554185526.98152,1554185527.01342,1554185528.61178,1554185528.64361,1554185528.64864,1.59835982322693,1.63521981239319,,,,,,
32,1554185527.51423,1554185527.54638,1554185528.6438,1554185528.67537,1554185528.68027,1.09741997718811,1.13388991355896,,,,,,
32,1554185528.04728,1554185528.07911,1554185528.67553,1554185528.70725,1554185528.71212,0.596420049667358,0.633010149002075,,,,,,
32,1554185528.57995,1554185528.61306,1554185528.70742,1554185528.73913,1554185528.74438,0.094360113143921,0.131319999694824,,,,,,
32,1554185529.11398,1554185529.14584,1554185529.62046,1554185529.65237,1554185529.65725,0.47462010383606,0.511409997940064,,,,,,
32,1554185529.6467,1554185529.67836,1554185529.67338,1554185529.70527,1554185529.71016,-0.004980087280273,0.031800031661987,,,,,,
32,1554185530.17918,1554185530.21108,1554185533.72278,1554185533.75562,1554185533.7835,3.51169991493225,3.57241988182068,,,,,,
32,1554185530.71193,1554185530.74398,1554185533.75582,1554185533.78746,1554185533.81495,3.01184010505676,3.07097005844116,,,,,,
32,1554185531.24479,1554185531.27654,1554185533.78765,1554185533.81929,1554185533.84634,2.51111006736755,2.56979990005493,,,,,,
32,1554185531.77741,1554185531.80931,1554185533.81948,1554185533.85106,1554185533.8779,2.01016998291016,2.06858992576599,,,,,,
32,1554185532.31023,1554185532.34224,1554185533.85126,1554185533.88281,1554185533.90931,1.50901985168457,1.56707000732422,,,,,,
32,1554185532.8431,1554185532.87491,1554185533.88299,1554185533.91459,1554185533.94053,1.00807976722717,1.06561994552612,,,,,,
32,1554185533.37578,1554185533.40766,1554185533.91476,1554185533.94621,1554185533.97202,0.507100105285645,0.564359903335571,,,,,,
32,1554185533.90853,1554185533.94027,1554185533.96625,1554185533.99788,1554185534.00322,0.025979995727539,0.062950134277344,,,,,,
32,1554185534.44112,1554185534.47288,1554185535.48419,1554185535.51598,1554185535.52299,1.01131010055542,1.05011010169983,,,,,,
32,1554185534.97371,1554185535.00563,1554185535.51623,1554185535.54906,1554185535.55446,0.510600090026856,0.548830032348633,,,,,,
32,1554185535.50649,1554185535.53826,1554185535.54919,1554185535.58185,1554185535.5868,0.010930061340332,0.048540115356445,,,,,,
32,1554185536.03909,1554185536.07101,1554185536.48057,1554185536.51231,1554185536.58846,0.409559965133667,0.517449855804443,,,,,,
32,1554185536.57185,1554185536.60371,1554185536.59873,1554185536.63052,1554185536.63551,-0.004979848861694,0.031800031661987,,,,,,
32,1554185537.10451,1554185537.13633,1554185537.48746,1554185537.5194,1554185537.65397,0.35113000869751,0.517640113830566,,,,,,
32,1554185537.63727,1554185537.66908,1554185537.90064,1554185537.93257,1554185538.18655,0.231559991836548,0.517469882965088,,,,,,
32,1554185538.16992,1554185538.20164,1554185538.49555,1554185538.52749,1554185538.53255,0.293910026550293,0.330910205841064,,,,,,
32,1554185538.45219,1554185538.48396,1554185538.52772,1554185538.55955,1554185538.56459,0.043760061264038,0.08063006401062,,,,,,
32,1554185538.73456,1554185538.76623,1554185539.46923,1554185539.50157,1554185539.59829,0.702999830245972,0.832059860229492,,,,,,
32,1554185539.01683,1554185539.04859,1554185539.50175,1554185539.53355,1554185539.59851,0.453160047531128,0.549920082092285,,,,,,
32,1554185539.29927,1554185539.33108,1554185539.53372,1554185539.56546,1554185539.59866,0.202640056610107,0.267580032348633,,,,,,
32,1554185539.58166,1554185539.61348,1554185539.6315,1554185539.66354,1554185539.6684,0.018019914627075,0.054919958114624,,,,,,
32,1554185539.86406,1554185539.89595,1554185540.05247,1554185540.0849,1554185540.16324,0.156519889831543,0.267289876937866,,,,,,
32,1554185540.14652,1554185540.17855,1554185540.1734,1554185540.20528,1554185540.21016,-0.005150079727173,0.031610012054443,,,,,,
32,1554185540.42908,1554185540.46101,1554185540.46814,1554185540.50017,1554185540.50519,0.007129907608032,0.044179916381836,,,,,,
32,1554185540.71161,1554185540.74343,1554185541.46829,1554185541.50006,1554185541.57527,0.724860191345215,0.831840038299561,,,,,,
32,1554185540.99397,1554185541.02574,1554185541.50023,1554185541.53201,1554185541.57551,0.474490165710449,0.54977011680603,,,,,,
32,1554185541.27631,1554185541.30817,1554185541.53215,1554185541.56386,1554185541.57562,0.223979949951172,0.267449855804443,,,,,,
32,1554185541.55875,1554185541.59061,1554185541.58555,1554185541.61729,1554185541.62235,-0.005059957504272,0.031739950180054,,,,,,
32,1554185541.8412,1554185541.87336,1554185541.97049,1554185542.00226,1554185542.14082,0.097130060195923,0.267460107803345,,,,,,
32,1554185542.12404,1554185542.15726,1554185542.46817,1554185542.50032,1554185542.50524,0.310909986495972,0.34798002243042,,,,,,
32,1554185542.40781,1554185542.43997,1554185542.50044,1554185542.53222,1554185542.53708,0.06046986579895,0.097110033035278,,,,,,
32,1554185542.69059,1554185542.72227,1554185543.48696,1554185543.51873,1554185543.55559,0.764689922332764,0.833319902420044,,,,,,
32,1554185542.97285,1554185543.00486,1554185543.51891,1554185543.55058,1554185543.5869,0.514050006866455,0.582040071487427,,,,,,
32,1554185543.25548,1554185543.28721,1554185543.55075,1554185543.58219,1554185543.61836,0.263540029525757,0.331150054931641,,,,,,
32,1554185543.53886,1554185543.57062,1554185543.58237,1554185543.61387,1554185543.64997,0.011749982833862,0.079349994659424,,,,,,
32,1554185543.82117,1554185543.85311,1554185544.48612,1554185544.51799,1554185544.63581,0.633009910583496,0.782699823379517,,,,,,
32,1554185544.1037,1554185544.13557,1554185544.5182,1554185544.5502,1554185544.63606,0.382629871368408,0.500489950180054,,,,,,
32,1554185544.38626,1554185544.41802,1554185544.55037,1554185544.58221,1554185544.63619,0.132349967956543,0.218169927597046,,,,,,
32,1554185544.66861,1554185544.70045,1554185544.69552,1554185544.72734,1554185544.73228,-0.004930019378662,0.031830072402954,,,,,,
32,1554185544.951,1554185544.98274,1554185545.16455,1554185545.19627,1554185545.24167,0.181810140609741,0.258929967880249,,,,,,
32,1554185545.23334,1554185545.26511,1554185545.26003,1554185545.29164,1554185545.29662,-0.005079984664917,0.031509876251221,,,,,,
32,1554185545.51573,1554185545.5476,1554185545.54266,1554185545.5744,1554185545.57947,-0.004940032958984,0.031869888305664,,,,,,
32,1554185545.79817,1554185545.83018,1554185545.82509,1554185545.8568,1554185545.86188,-0.005089998245239,0.031700134277344,,,,,,
32,1554185546.08079,1554185546.11281,1554185546.28451,1554185546.31627,1554185546.38012,0.171700000762939,0.26731014251709,,,,,,
32,1554185546.36343,1554185546.39548,1554185546.39019,1554185546.4219,1554185546.42686,-0.005290031433105,0.03138017654419,,,,,,
32,1554185546.64603,1554185546.67798,1554185547.4682,1554185547.49998,1554185547.50978,0.790220022201538,0.831799983978272,,,,,,
32,1554185546.92861,1554185546.96036,1554185547.50018,1554185547.53159,1554185547.54125,0.539819955825806,0.580889940261841,,,,,,
32,1554185547.21091,1554185547.24272,1554185547.53175,1554185547.56324,1554185547.63604,0.289030075073242,0.393320083618164,,,,,,
32,1554185547.49332,1554185547.52509,1554185547.56334,1554185547.59482,1554185547.63622,0.038249969482422,0.111129999160767,,,,,,
32,1554185547.77562,1554185547.80739,1554185548.46806,1554185548.49976,1554185548.63956,0.660670042037964,0.832170009613037,,,,,,
32,1554185548.05798,1554185548.08987,1554185548.49992,1554185548.53165,1554185548.63978,0.410049915313721,0.549910068511963,,,,,,
32,1554185548.3405,1554185548.37229,1554185548.53182,1554185548.56338,1554185548.63989,0.159530162811279,0.267600059509277,,,,,,
32,1554185548.62296,1554185548.65472,1554185548.64965,1554185548.68131,1554185548.68633,-0.005069971084595,0.031610012054443,,,,,,
32,1554185548.90528,1554185548.9372,1554185549.46814,1554185549.49999,1554185549.50492,0.530939817428589,0.56771993637085,,,,,,
32,1554185549.18779,1554185549.21961,1554185549.50017,1554185549.53192,1554185549.53683,0.28056001663208,0.317219972610474,,,,,,
32,1554185549.4702,1554185549.50197,1554185549.53209,1554185549.56373,1554185549.56869,0.030119895935059,0.066720008850098,,,,,,
32,1554185549.75257,1554185549.78443,1554185549.77942,1554185549.81125,1554185549.81624,-0.00501012802124,0.03181004524231,,,,,,
32,1554185550.03501,1554185550.06702,1554185550.46814,1554185550.5058,1554185550.61658,0.401119947433472,0.549560070037842,,,,,,
32,1554185550.31764,1554185550.34948,1554185550.50594,1554185550.53761,1554185550.61684,0.156460046768188,0.267359972000122,,,,,,
32,1554185550.60009,1554185550.63176,1554185550.63168,1554185550.66356,1554185550.66852,-7.98702239990234E-05,0.036760091781616,,,,,,
32,1554185550.88231,1554185550.91422,1554185550.90918,1554185550.94115,1554185550.94612,-0.005040168762207,0.031899929046631,,,,,,
32,1554185551.16477,1554185551.19658,1554185551.46808,1554185551.71805,1554185551.72328,0.271500110626221,0.526700019836426,,,,,,
32,1554185551.44721,1554185551.47908,1554185551.71826,1554185551.75008,1554185551.75504,0.239180088043213,0.275959968566895,,,,,,
32,1554185551.72966,1554185551.76147,1554185551.75628,1554185551.78788,1554185551.79286,-0.005190134048462,0.031389951705933,,,,,,
32,1554185552.01203,1554185552.04387,1554185552.46802,1554185552.49994,1554185552.50483,0.424149990081787,0.460959911346436,,,,,,
32,1554185552.29453,1554185552.32634,1554185552.50006,1554185552.53183,1554185552.53678,0.173720121383667,0.210440158843994,,,,,,
32,1554185552.45188,1554185552.48355,1554185552.53198,1554185552.56372,1554185552.56879,0.0484299659729,0.085239887237549,,,,,,
32,1554185552.60901,1554185552.64077,1554185553.46806,1554185553.50003,1554185553.50506,0.827290058135986,0.864289999008179,,,,,,
32,1554185552.76615,1554185552.79786,1554185553.50018,1554185553.53202,1554185553.53696,0.702320098876953,0.739099979400635,,,,,,
32,1554185552.9233,1554185552.9551,1554185553.53214,1554185553.5638,1554185553.56942,0.577039957046509,0.614320039749146,,,,,,
32,1554185553.08058,1554185553.11252,1554185553.56391,1554185553.59638,1554185553.60116,0.451390027999878,0.488640069961548,,,,,,
32,1554185553.23796,1554185553.26963,1554185553.59651,1554185553.62805,1554185553.63302,0.326879978179932,0.36338996887207,,,,,,
32,1554185553.3951,1554185553.42682,1554185553.62827,1554185553.67834,1554185553.68334,0.201449871063232,0.25652003288269,,,,,,
32,1554185553.55218,1554185553.58585,1554185553.67848,1554185553.71002,1554185553.715,0.092629909515381,0.129149913787842,,,,,,
32,1554185553.71125,1554185553.74295,1554185553.76651,1554185553.79833,1554185553.80319,0.023560047149658,0.060240030288696,,,,,,
32,1554185553.86832,1554185553.90031,1554185553.89517,1554185553.92698,1554185553.93188,-0.005140066146851,0.031569957733154,,,,,,
32,1554185554.02576,1554185554.0576,1554185554.05872,1554185554.09041,1554185554.19944,0.001120090484619,0.141839981079102,,,,,,
32,1554185554.18301,1554185554.21471,1554185554.46792,1554185554.49967,1554185554.51381,0.253210067749023,0.299099922180176,,,,,,
32,1554185554.3401,1554185554.37186,1554185554.49977,1554185554.53114,1554185554.54508,0.127909898757935,0.173219919204712,,,,,,
32,1554185554.49739,1554185554.5293,1554185554.53126,1554185554.56284,1554185554.57637,0.001960039138794,0.047070026397705,,,,,,
32,1554185554.6547,1554185554.68643,1554185554.77646,1554185554.80818,1554185554.82871,0.090029954910278,0.142280101776123,,,,,,
32,1554185554.81191,1554185554.84378,1554185554.83859,1554185554.87037,1554185554.87536,-0.005190134048462,0.031579971313477,,,,,,
32,1554185554.96922,1554185555.00114,1554185556.46823,1554185556.49999,1554185556.55998,1.46708989143372,1.55883979797363,,,,,,
32,1554185555.12661,1554185555.15835,1554185556.50013,1554185556.53179,1554185556.56022,1.34177994728088,1.40187001228333,,,,,,
32,1554185555.28384,1554185555.3158,1554185556.53193,1554185556.5635,1554185556.59146,1.21613001823425,1.27566003799438,,,,,,
32,1554185555.44124,1554185555.47359,1554185556.56362,1554185556.59501,1554185556.62295,1.09003019332886,1.14936017990112,,,,,,
32,1554185555.59902,1554185555.6307,1554185556.5951,1554185556.62671,1554185556.65426,0.964399814605713,1.02355980873108,,,,,,
32,1554185555.7561,1554185555.78907,1554185556.62683,1554185556.65909,1554185556.68582,0.837760210037231,0.896750211715698,,,,,,
32,1554185555.91449,1554185555.94629,1554185556.65925,1554185556.69092,1554185556.71728,0.712960004806519,0.770989894866943,,,,,,
32,1554185556.0717,1554185556.10343,1554185556.6911,1554185556.72813,1554185556.74887,0.587669849395752,0.645439863204956,,,,,,
32,1554185556.22883,1554185556.26064,1554185556.72839,1554185556.7609,1554185556.78038,0.467750072479248,0.519740104675293,,,,,,
32,1554185556.38609,1554185556.4179,1554185556.761,1554185556.79504,1554185556.87434,0.34309983253479,0.456439971923828,,,,,,
32,1554185556.54336,1554185556.57508,1554185556.79515,1554185556.82688,1554185556.87449,0.220070123672485,0.299410104751587,,,,,,
32,1554185556.70054,1554185556.73225,1554185556.82707,1554185556.8588,1554185556.87462,0.094820022583008,0.142369985580444,,,,,,
32,1554185556.85771,1554185556.8895,1554185556.9185,1554185556.95029,1554185556.95533,0.029000043869019,0.065829992294312,,,,,,
32,1554185557.01493,1554185557.04699,1554185557.04192,1554185557.07384,1554185557.07895,-0.005069971084595,0.031960010528565,,,,,,
32,1554185557.17248,1554185557.20428,1554185557.29667,1554185557.32844,1554185557.34618,0.092390060424805,0.141900062561035,,,,,,
32,1554185557.32978,1554185557.36151,1554185557.35637,1554185557.38806,1554185557.39306,-0.005140066146851,0.03154993057251,,,,,,
32,1554185557.48696,1554185557.51889,1554185558.14207,1554185558.17384,1554185558.17907,0.623180150985718,0.66018009185791,,,,,,
32,1554185557.64435,1554185557.67601,1554185558.17401,1554185558.20587,1554185558.21077,0.498000144958496,0.534759998321533,,,,,,
32,1554185557.80143,1554185557.83322,1554185558.20604,1554185558.31641,1554185558.32135,0.372819900512695,0.48813009262085,,,,,,
32,1554185557.95861,1554185557.99037,1554185558.31673,1554185558.452,1554185558.48397,0.326359987258911,0.493599891662598,,,,,,
32,1554185558.11585,1554185558.14746,1554185558.45229,1554185558.48385,1554185558.51545,0.304830074310303,0.367990016937256,,,,,,
32,1554185558.27293,1554185558.30508,1554185558.48406,1554185558.61271,1554185558.61765,0.178980112075806,0.312570095062256,,,,,,
32,1554185558.43053,1554185558.46214,1554185558.61303,1554185558.64477,1554185558.65012,0.150889873504639,0.187979936599731,,,,,,
32,1554185558.58767,1554185558.6192,1554185558.64493,1554185558.67656,1554185558.68155,0.025729894638062,0.062350034713745,,,,,,
32,1554185558.74464,1554185558.77646,1554185559.62089,1554185559.65302,1554185559.70842,0.844429969787598,0.931960105895996,,,,,,
32,1554185558.90191,1554185558.93428,1554185559.6532,1554185559.73503,1554185559.73994,0.718919992446899,0.805660009384155,,,,,,
32,1554185559.05976,1554185559.0916,1554185559.73535,1554185559.86866,1554185559.9079,0.643749952316284,0.8163001537323,,,,,,
32,1554185559.21699,1554185559.2487,1554185559.86895,1554185559.90284,1554185559.93936,0.62024998664856,0.690659999847412,,,,,,
32,1554185559.37414,1554185559.40904,1554185559.90307,1554185560.03652,1554185560.04143,0.494029998779297,0.632390022277832,,,,,,
32,1554185559.53447,1554185559.56627,1554185560.03684,1554185560.06973,1554185560.07472,0.470569849014282,0.508449792861939,,,,,,
32,1554185559.69171,1554185559.7236,1554185560.07004,1554185560.10202,1554185560.10709,0.346440076828003,0.383490085601807,,,,,,
32,1554185559.849,1554185559.88051,1554185560.10234,1554185560.20311,1554185560.20805,0.221829891204834,0.327539920806885,,,,,,
32,1554185560.00594,1554185560.03784,1554185560.20344,1554185560.23619,1554185560.24129,0.165600061416626,0.203450202941895,,,,,,
32,1554185560.16333,1554185560.19511,1554185560.23643,1554185560.26807,1554185560.27298,0.041319847106934,0.077869892120361,,,,,,
32,1554185560.25794,1554185560.28948,1554185560.28439,1554185560.31613,1554185560.32111,-0.005089998245239,0.031630039215088,,,,,,
32,1554185560.35227,1554185560.38412,1554185560.37912,1554185560.4108,1554185560.4159,-0.004999876022339,0.031780004501343,,,,,,
32,1554185560.44694,1554185560.47886,1554185560.47379,1554185560.50572,1554185560.51088,-0.005069971084595,0.032020092010498,,,,,,
32,1554185560.54167,1554185560.57376,1554185560.56865,1554185560.60135,1554185560.60556,-0.005110025405884,0.031800031661987,,,,,,
32,1554185560.63662,1554185560.66852,1554185560.66335,1554185560.6952,1554185560.70024,-0.005169868469238,0.031719923019409,,,,,,
32,1554185560.73136,1554185560.76324,1554185560.75817,1554185560.79018,1554185560.79516,-0.005070209503174,0.031919956207275,,,,,,
32,1554185560.82609,1554185560.85812,1554185560.85308,1554185560.88512,1554185560.89014,-0.005039930343628,0.032020092010498,,,,,,
32,1554185560.921,1554185560.95298,1554185560.94791,1554185560.97994,1554185560.98493,-0.005069971084595,0.031949996948242,,,,,,
32,1554185561.01579,1554185561.04783,1554185561.04277,1554185561.07471,1554185561.07971,-0.005060195922852,0.031879901885986,,,,,,
32,1554185561.11067,1554185561.14276,1554185561.13768,1554185561.1696,1554185561.17471,-0.005079984664917,0.031949996948242,,,,,,
32,1554185561.20562,1554185561.23753,1554185561.23258,1554185561.2646,1554185561.26962,-0.004950046539307,0.032089948654175,,,,,,
32,1554185561.30041,1554185561.3324,1554185561.32734,1554185561.35927,1554185561.36428,-0.005060195922852,0.031879901885986,,,,,,
32,1554185561.39523,1554185561.42721,1554185561.42221,1554185561.53328,1554185561.53884,-0.005000114440918,0.111629962921143,,,,,,
32,1554185561.4901,1554185561.52207,1554185561.53356,1554185561.62847,1554185561.63347,0.011490106582642,0.111400127410889,,,,,,
32,1554185561.58494,1554185561.61702,1554185561.62873,1554185561.6605,1554185561.66545,0.011710166931152,0.04843020439148,,,,,,
32,1554185561.6799,1554185561.71191,1554185561.7068,1554185561.73882,1554185561.74396,-0.005110025405884,0.032049894332886,,,,,,
32,1554185561.77481,1554185561.80684,1554185561.80175,1554185561.83378,1554185561.83883,-0.005089998245239,0.031990051269531,,,,,,
32,1554185561.86967,1554185561.90179,1554185561.89672,1554185561.92857,1554185561.93364,-0.005069971084595,0.031850099563599,,,,,,
32,1554185561.96467,1554185561.99664,1554185561.99163,1554185562.02353,1554185562.02858,-0.005009889602661,0.03193998336792,,,,,,
32,1554185562.0595,1554185562.09152,1554185562.08649,1554185562.11847,1554185562.12346,-0.005030155181885,0.03193998336792,,,,,,
32,1554185562.15442,1554185562.18652,1554185562.18152,1554185562.29312,1554185562.29806,-0.005000114440918,0.111539840698242,,,,,,
32,1554185562.24946,1554185562.28153,1554185562.29341,1554185562.38821,1554185562.39316,0.011880159378052,0.111630201339722,,,,,,
32,1554185562.34445,1554185562.37656,1554185562.38863,1554185562.48327,1554185562.48825,0.012069940567017,0.111690044403076,,,,,,
32,1554185562.4395,1554185562.47165,1554185562.48355,1554185562.51541,1554185562.52041,0.011900186538696,0.048760175704956,,,,,,
32,1554185562.53455,1554185562.56647,1554185562.56145,1554185562.59343,1554185562.59846,-0.005019903182983,0.031990051269531,,,,,,
32,1554185562.62935,1554185562.66127,1554185562.65625,1554185562.68827,1554185562.69337,-0.005019903182983,0.032100200653076,,,,,,
32,1554185562.72415,1554185562.75627,1554185562.75125,1554185562.78319,1554185562.7882,-0.005019903182983,0.031929969787598,,,,,,
32,1554185562.81915,1554185562.85133,1554185562.84622,1554185562.95806,1554185562.96308,-0.005110025405884,0.111749887466431,,,,,,
32,1554185562.91422,1554185562.94621,1554185562.95839,1554185563.05273,1554185563.05772,0.012180089950562,0.111510038375855,,,,,,
32,1554185563.00902,1554185563.04118,1554185563.05302,1554185563.14799,1554185563.15298,0.011840105056763,0.111800193786621,,,,,,
32,1554185563.10399,1554185563.13619,1554185563.14829,1554185563.24275,1554185563.24776,0.012099981307983,0.111570119857788,,,,,,
32,1554185563.19901,1554185563.23118,1554185563.24303,1554185563.33771,1554185563.34278,0.011850118637085,0.111600160598755,,,,,,
32,1554185563.29401,1554185563.32616,1554185563.33801,1554185563.43251,1554185563.43755,0.011850118637085,0.111390113830566,,,,,,
32,1554185563.38897,1554185563.42108,1554185563.43282,1554185563.52773,1554185563.53278,0.01173996925354,0.111699819564819,,,,,,
32,1554185563.48389,1554185563.51614,1554185563.52808,1554185563.61246,1554185563.61757,0.011940002441406,0.10142993927002,,,,,,
32,1554185563.579,1554185563.61112,1554185563.61274,1554185563.64447,1554185563.64954,0.001620054244995,0.038419961929321,,,,,,
32,1554185563.67389,1554185563.70587,1554185563.70084,1554185563.73285,1554185563.73796,-0.005029916763306,0.032090187072754,,,,,,
32,1554185563.76867,1554185563.8011,1554185563.79575,1554185563.8277,1554185563.83293,-0.005350112915039,0.031830072402954,,,,,,
32,1554185563.86391,1554185563.89622,1554185563.89114,1554185563.92311,1554185563.92832,-0.005079984664917,0.032099962234497,,,,,,
32,1554185563.95905,1554185563.99106,1554185563.98605,1554185564.01803,1554185564.02328,-0.00501012802124,0.032219886779785,,,,,,
32,1554185564.0539,1554185564.08589,1554185564.08085,1554185564.11311,1554185564.11863,-0.005040168762207,0.032739877700806,,,,,,
32,1554185564.14877,1554185564.18085,1554185564.17571,1554185564.20766,1554185564.21275,-0.005140066146851,0.031899929046631,,,,,,
32,1554185564.24379,1554185564.27586,1554185564.27076,1554185564.30278,1554185564.30776,-0.005100011825562,0.031899929046631,,,,,,
32,1554185564.33872,1554185564.3708,1554185564.36571,1554185564.3977,1554185564.40284,-0.005089998245239,0.032039880752564,,,,,,
32,1554185564.43369,1554185564.46556,1554185564.46054,1554185564.49255,1554185564.4976,-0.005019903182983,0.032040119171143,,,,,,
32,1554185564.5284,1554185564.56044,1554185564.55549,1554185564.58754,1554185564.59257,-0.004950046539307,0.032130002975464,,,,,,
32,1554185564.62324,1554185564.65507,1554185564.65011,1554185564.6821,1554185564.68709,-0.004960060119629,0.032019853591919,,,,,,
32,1554185564.71792,1554185564.74979,1554185564.74483,1554185564.77681,1554185564.78185,-0.004960060119629,0.032060146331787,,,,,,
32,1554185564.81263,1554185564.84466,1554185564.83965,1554185564.87154,1554185564.87663,-0.00501012802124,0.031970024108887,,,,,,
32,1554185564.9075,1554185564.93958,1554185564.93442,1554185564.96632,1554185564.97153,-0.005159854888916,0.031949996948242,,,,,,
32,1554185564.97129,1554185565.00336,1554185564.99819,1554185565.03038,1554185565.03523,-0.005170106887817,0.031869888305664,,,,,,
32,1554185565.03497,1554185565.0672,1554185565.06213,1554185565.09419,1554185565.09909,-0.005069971084595,0.031890153884888,,,,,,
32,1554185565.09877,1554185565.13089,1554185565.12583,1554185565.15799,1554185565.16296,-0.005059957504272,0.032070159912109,,,,,,
32,1554185565.16242,1554185565.1945,1554185565.18948,1554185565.2216,1554185565.22667,-0.005019903182983,0.032170057296753,,,,,,
32,1554185565.22608,1554185565.2577,1554185565.25278,1554185565.28479,1554185565.28966,-0.00492000579834,0.031960010528565,,,,,,
32,1554185565.28924,1554185565.32111,1554185565.31598,1554185565.34796,1554185565.35287,-0.005130052566528,0.031759977340698,,,,,,
32,1554185565.35268,1554185565.38459,1554185565.37949,1554185565.41139,1554185565.41647,-0.005100011825562,0.031880140304566,,,,,,
32,1554185565.41616,1554185565.44829,1554185565.44316,1554185565.47519,1554185565.48023,-0.005130052566528,0.03193998336792,,,,,,
32,1554185565.47994,1554185565.51189,1554185565.50686,1554185565.58686,1554185565.59185,-0.005029916763306,0.079960107803345,,,,,,
32,1554185565.54346,1554185565.57534,1554185565.58717,1554185565.62086,1554185565.62591,0.011829853057861,0.050570011138916,,,,,,
32,1554185565.60689,1554185565.63855,1554185565.63337,1554185565.66512,1554185565.67014,-0.00518012046814,0.031589984893799,,,,,,
32,1554185565.67031,1554185565.70212,1554185565.69706,1554185565.77712,1554185565.78209,-0.005059957504272,0.079969882965088,,,,,,
32,1554185565.73366,1554185565.76562,1554185565.77744,1554185565.80934,1554185565.81432,0.011820077896118,0.048700094223023,,,,,,
32,1554185565.79716,1554185565.82878,1554185565.8238,1554185565.85563,1554185565.86058,-0.004979848861694,0.031800031661987,,,,,,
32,1554185565.86031,1554185565.89224,1554185565.8872,1554185565.91916,1554185565.92406,-0.005039930343628,0.031820058822632,,,,,,
32,1554185565.9238,1554185565.9557,1554185565.9505,1554185566.03083,1554185566.03591,-0.005199909210205,0.080209970474243,,,,,,
32,1554185565.98728,1554185566.0192,1554185566.03114,1554185566.06293,1554185566.06802,0.011940002441406,0.048820018768311,,,,,,
32,1554185566.05075,1554185566.08253,1554185566.07752,1554185566.10952,1554185566.11455,-0.00501012802124,0.032020092010498,,,,,,
32,1554185566.11407,1554185566.14624,1554185566.14118,1554185566.17318,1554185566.17814,-0.005059957504272,0.031899929046631,,,,,,
32,1554185566.17777,1554185566.20978,1554185566.20471,1554185566.2365,1554185566.24151,-0.005069971084595,0.031729936599732,,,,,,
32,1554185566.24137,1554185566.27335,1554185566.26821,1554185566.3484,1554185566.35332,-0.005140066146851,0.079969882965088,,,,,,
32,1554185566.30492,1554185566.3369,1554185566.34865,1554185566.41149,1554185566.41648,0.011749982833862,0.079580068588257,,,,,,
32,1554185566.36838,1554185566.40028,1554185566.41177,1554185566.47502,1554185566.48013,0.011490106582642,0.0798499584198,,,,,,
32,1554185566.43186,1554185566.46366,1554185566.47531,1554185566.53859,1554185566.54346,0.011650085449219,0.079799890518189,,,,,,
32,1554185566.49517,1554185566.52706,1554185566.53889,1554185566.60176,1554185566.60684,0.011829853057861,0.079779863357544,,,,,,
32,1554185566.55854,1554185566.59042,1554185566.60201,1554185566.66518,1554185566.67033,0.011590003967285,0.079910039901733,,,,,,
32,1554185566.62192,1554185566.65381,1554185566.66544,1554185566.69731,1554185566.70232,0.011630058288574,0.048510074615479,,,,,,
32,1554185566.68539,1554185566.71714,1554185566.71208,1554185566.79195,1554185566.79707,-0.005059957504272,0.079930067062378,,,,,,
32,1554185566.74865,1554185566.78066,1554185566.79234,1554185566.82433,1554185566.82942,0.011680126190186,0.048760175704956,,,,,,
32,1554185566.81225,1554185566.84418,1554185566.83909,1554185566.91923,1554185566.92425,-0.005089998245239,0.080069780349732,,,,,,
32,1554185566.87575,1554185566.90783,1554185566.91946,1554185566.95112,1554185566.95629,0.011630058288574,0.048460006713867,,,,,,
32,1554185566.93946,1554185566.97116,1554185566.966,1554185567.04621,1554185567.05121,-0.005159854888916,0.080049991607666,,,,,,
32,1554185567.00278,1554185567.03475,1554185567.04652,1554185567.10968,1554185567.11472,0.011770009994507,0.079970121383667,,,,,,
32,1554185567.06621,1554185567.0981,1554185567.11001,1554185567.173,1554185567.1779,0.01190996170044,0.079800128936768,,,,,,
32,1554185567.12965,1554185567.1616,1554185567.1732,1554185567.20489,1554185567.20995,0.011599779129028,0.048349857330322,,,,,,
32,1554185567.19312,1554185567.2259,1554185567.21982,1554185567.30107,1554185567.30608,-0.006079912185669,0.080180168151856,,,,,,
32,1554185567.25749,1554185567.28958,1554185567.30136,1554185567.33312,1554185567.33817,0.01177978515625,0.048589944839478,,,,,,
32,1554185567.32112,1554185567.35344,1554185567.34775,1554185567.3796,1554185567.38455,-0.005690097808838,0.031110048294067,,,,,,
32,1554185567.38494,1554185567.41675,1554185567.4116,1554185567.44356,1554185567.44844,-0.005149841308594,0.031690120697022,,,,,,
32,1554185567.44827,1554185567.48015,1554185567.47508,1554185567.55537,1554185567.56031,-0.005069971084595,0.080159902572632,,,,,,
32,1554185567.51177,1554185567.54375,1554185567.55571,1554185567.61886,1554185567.62386,0.011960029602051,0.080109834671021,,,,,,
32,1554185567.57534,1554185567.60728,1554185567.61911,1554185567.68217,1554185567.68718,0.011830091476441,0.079900026321411,,,,,,
32,1554185567.63883,1554185567.67064,1554185567.68251,1554185567.74573,1554185567.75079,0.01186990737915,0.080150127410889,,,,,,
32,1554185567.70221,1554185567.73414,1554185567.74603,1554185567.78253,1554185567.78405,0.011890172958374,0.049910068511963,,,,,,
32,1554185567.7657,1554185567.79757,1554185567.79247,1554185567.82448,1554185567.82938,-0.005100011825562,0.03181004524231,,,,,,
32,1554185567.82917,1554185567.86098,1554185567.8577,1554185567.88971,1554185567.89468,-0.0032799243927,0.033699989318848,,,,,,
32,1554185567.89254,1554185567.92452,1554185567.91949,1554185567.95147,1554185567.9565,-0.005029916763306,0.031980037689209,,,,,,
32,1554185567.95611,1554185567.9881,1554185567.98315,1554185568.01523,1554185568.02015,-0.004950046539307,0.032049894332886,,,,,,
32,1554185568.01968,1554185568.05177,1554185568.04657,1554185568.07847,1554185568.08341,-0.005199909210205,0.03164005279541,,,,,,
32,1554185568.08355,1554185568.2314,1554185568.6123,1554185568.64396,1554185568.66833,0.380899906158447,0.436929941177368,,,,,,
32,1554185568.24738,1554185568.27929,1554185568.64419,1554185568.67567,1554185568.69975,0.3649001121521,0.420459985733032,,,,,,
32,1554185568.29521,1554185568.32709,1554185568.67588,1554185568.71847,1554185568.73118,0.348789930343628,0.40408992767334,,,,,,
32,1554185568.34305,1554185568.37504,1554185568.71879,1554185568.7506,1554185568.76268,0.34375,0.387639999389648,,,,,,
32,1554185568.39097,1554185568.42285,1554185568.75091,1554185568.78266,1554185568.79409,0.328060150146484,0.371240139007568,,,,,,
32,1554185568.43876,1554185568.47046,1554185568.78286,1554185568.81557,1554185568.82566,0.312400102615356,0.355200052261353,,,,,,
32,1554185568.4864,1554185568.51823,1554185568.81578,1554185568.8636,1554185568.86872,0.297549962997437,0.350490093231201,,,,,,
32,1554185568.53418,1554185568.56597,1554185568.86392,1554185568.89562,1554185568.90058,0.297950029373169,0.334609985351562,,,,,,
32,1554185568.58192,1554185568.61375,1554185568.89583,1554185568.95952,1554185568.96449,0.282079935073853,0.3507399559021,,,,,,
32,1554185568.62969,1554185568.66139,1554185568.95972,1554185569.00714,1554185569.0121,0.298329830169678,0.350709915161133,,,,,,
32,1554185568.67728,1554185568.70911,1554185569.00739,1554185569.03878,1554185569.05979,0.298280000686646,0.350679874420166,,,,,,
32,1554185568.72509,1554185568.75677,1554185569.03891,1554185569.07042,1554185569.09117,0.282140016555786,0.334400177001953,,,,,,
32,1554185568.77278,1554185568.80449,1554185569.07055,1554185569.10209,1554185569.12247,0.266059875488281,0.31797981262207,,,,,,
32,1554185568.82042,1554185568.85228,1554185569.10236,1554185569.15014,1554185569.15513,0.250080108642578,0.302850008010864,,,,,,
32,1554185568.86828,1554185568.90019,1554185569.15055,1554185569.19793,1554185569.20349,0.250359773635864,0.303299903869629,,,,,,
32,1554185568.91614,1554185568.94827,1554185569.19821,1554185569.24546,1554185569.2504,0.249939918518066,0.302129983901978,,,,,,
32,1554185568.9642,1554185568.99591,1554185569.24574,1554185569.29349,1554185569.29847,0.249830007553101,0.302560091018677,,,,,,
32,1554185569.01189,1554185569.04349,1554185569.29373,1554185569.34131,1554185569.34626,0.250240087509155,0.302770137786865,,,,,,
32,1554185569.05942,1554185569.09132,1554185569.34159,1554185569.3889,1554185569.39426,0.250269889831543,0.302939891815186,,,,,,
32,1554185569.1072,1554185569.13883,1554185569.38911,1554185569.42089,1554185569.42577,0.250280141830444,0.286940097808838,,,,,,
32,1554185569.15474,1554185569.18643,1554185569.42103,1554185569.45344,1554185569.45762,0.234600067138672,0.27118992805481,,,,,,
32,1554185569.20244,1554185569.2342,1554185569.4536,1554185569.48536,1554185569.4902,0.219399929046631,0.25600004196167,,,,,,
32,1554185569.25027,1554185569.28221,1554185569.48562,1554185569.53191,1554185569.53755,0.203409910202026,0.255339860916138,,,,,,
32,1554185569.29815,1554185569.33001,1554185569.53219,1554185569.57966,1554185569.58457,0.20218014717102,0.254559993743896,,,,,,
32,1554185569.34604,1554185569.37776,1554185569.58,1554185569.62736,1554185569.63219,0.202239990234375,0.254430055618286,,,,,,
32,1554185569.39377,1554185569.42551,1554185569.62761,1554185569.65922,1554185569.66419,0.202100038528442,0.238680124282837,,,,,,
32,1554185569.4414,1554185569.47296,1554185569.65938,1554185569.69169,1554185569.69656,0.18641996383667,0.223599910736084,,,,,,
32,1554185569.48888,1554185569.52065,1554185569.69186,1554185569.7236,1554185569.72853,0.171210050582886,0.207880020141602,,,,,,
32,1554185569.53657,1554185569.56823,1554185569.72383,1554185569.76991,1554185569.77485,0.155600070953369,0.20661997795105,,,,,,
32,1554185569.58417,1554185569.61589,1554185569.77018,1554185569.81762,1554185569.82257,0.154289960861206,0.206680059432983,,,,,,
32,1554185569.63181,1554185569.66337,1554185569.81792,1554185569.86543,1554185569.87034,0.154550075531006,0.20697021484375,,,,,,
32,1554185569.67925,1554185569.71081,1554185569.86575,1554185569.91288,1554185569.91785,0.154940128326416,0.207040071487427,,,,,,
32,1554185569.72672,1554185569.75843,1554185569.91316,1554185569.96069,1554185569.96559,0.154730081558228,0.207159996032715,,,,,,
32,1554185569.77438,1554185569.80624,1554185569.96109,1554185570.00831,1554185570.01332,0.154850006103516,0.207079887390137,,,,,,
32,1554185569.82221,1554185569.85398,1554185570.00855,1554185570.05644,1554185570.06137,0.154569864273071,0.207389831542969,,,,,,
32,1554185569.86993,1554185569.90162,1554185570.05673,1554185570.10432,1554185570.10925,0.155110120773315,0.207630157470703,,,,,,
32,1554185569.91768,1554185569.94944,1554185570.1046,1554185570.15197,1554185570.15699,0.155159950256348,0.207550048828125,,,,,,
32,1554185569.96539,1554185569.99703,1554185570.15216,1554185570.20018,1554185570.20501,0.155129909515381,0.207979917526245,,,,,,
32,1554185570.01296,1554185570.04482,1554185570.20052,1554185570.24756,1554185570.25249,0.155699968338013,0.207669973373413,,,,,,
32,1554185570.06075,1554185570.09285,1554185570.24777,1554185570.27952,1554185570.28438,0.154920101165771,0.191529989242554,,,,,,
32,1554185570.10878,1554185570.14073,1554185570.2797,1554185570.3432,1554185570.3482,0.138970136642456,0.207470178604126,,,,,,
32,1554185570.15677,1554185570.18865,1554185570.34349,1554185570.39143,1554185570.39633,0.154839992523193,0.207680225372314,,,,,,
32,1554185570.20456,1554185570.23624,1554185570.39163,1554185570.43936,1554185570.44433,0.155390024185181,0.20809006690979,,,,,,
32,1554185570.2523,1554185570.28411,1554185570.43962,1554185570.48774,1554185570.49263,0.155509948730469,0.20851993560791,,,,,,
32,1554185570.3,1554185570.3318,1554185570.48814,1554185570.51979,1554185570.52481,0.1563401222229,0.193010091781616,,,,,,
32,1554185570.34785,1554185570.37986,1554185570.51997,1554185570.58341,1554185570.58835,0.140110015869141,0.208490133285522,,,,,,
32,1554185570.39581,1554185570.42799,1554185570.58368,1554185570.63111,1554185570.63616,0.15568995475769,0.208169937133789,,,,,,
32,1554185570.44398,1554185570.47598,1554185570.63138,1554185570.67167,1554185570.67674,0.155400037765503,0.200759887695312,,,,,,
32,1554185570.49195,1554185570.52416,1554185570.67197,1554185570.71139,1554185570.7164,0.147809982299805,0.192239999771118,,,,,,
32,1554185570.54002,1554185570.57195,1554185570.71162,1554185570.7514,1554185570.75638,0.139670133590698,0.184430122375488,,,,,,
32,1554185570.58792,1554185570.61996,1554185570.75161,1554185570.79122,1554185570.79612,0.131649971008301,0.176159858703613,,,,,,
32,1554185570.62811,1554185570.6601,1554185570.79151,1554185570.83108,1554185570.83601,0.131410121917725,0.175909996032715,,,,,,
32,1554185570.66819,1554185570.7,1554185570.83129,1554185570.87094,1554185570.87604,0.131289958953857,0.176039934158325,,,,,,
32,1554185570.70809,1554185570.73984,1554185570.87119,1554185570.91089,1554185570.91586,0.131350040435791,0.176019906997681,,,,,,
32,1554185570.74795,1554185570.77975,1554185570.91119,1554185570.95069,1554185570.95568,0.131439924240112,0.17592978477478,,,,,,
32,1554185570.78786,1554185570.8198,1554185570.95095,1554185570.99038,1554185570.99535,0.131150007247925,0.175549983978271,,,,,,
32,1554185570.82791,1554185570.85968,1554185570.99061,1554185571.02232,1554185571.02718,0.130929946899414,0.167500019073486,,,,,,
32,1554185570.86779,1554185570.89953,1554185571.02261,1554185571.16234,1554185571.19175,0.123080015182495,0.292220115661621,,,,,,
32,1554185570.90764,1554185570.93936,1554185571.16271,1554185571.19544,1554185571.22315,0.223350048065186,0.283790111541748,,,,,,
32,1554185570.94742,1554185570.97908,1554185571.19574,1554185571.2282,1554185571.2546,0.216660022735596,0.275520086288452,,,,,,
32,1554185570.98717,1554185571.01894,1554185571.22851,1554185571.2827,1554185571.2876,0.209569931030273,0.268660068511963,,,,,,
32,1554185571.02731,1554185571.17529,1554185571.28301,1554185571.32285,1554185571.32772,0.107719898223877,0.152429819107056,,,,,,
32,1554185571.18352,1554185571.21497,1554185571.32317,1554185571.36272,1554185571.36774,0.108199834823608,0.152769804000855,,,,,,
32,1554185571.22328,1554185571.27128,1554185571.36302,1554185571.40227,1554185571.40722,0.091739892959595,0.135939836502075,,,,,,
32,1554185571.27953,1554185571.31137,1554185571.40251,1554185571.44201,1554185571.44696,0.091140031814575,0.135590076446533,,,,,,
32,1554185571.31949,1554185571.35109,1554185571.44223,1554185571.48188,1554185571.48697,0.091140031814575,0.135879993438721,,,,,,
32,1554185571.35919,1554185571.391,1554185571.48222,1554185571.52195,1554185571.52699,0.091219902038574,0.135989904403687,,,,,,
32,1554185571.39913,1554185571.43079,1554185571.52221,1554185571.56188,1554185571.56686,0.091419935226441,0.136070013046265,,,,,,
32,1554185571.4389,1554185571.47063,1554185571.56218,1554185571.6017,1554185571.60665,0.09155011177063,0.136020183563232,,,,,,
32,1554185571.47879,1554185571.51057,1554185571.60201,1554185571.63373,1554185571.63868,0.091439962387085,0.128109931945801,,,,,,
32,1554185571.51859,1554185571.55056,1554185571.63392,1554185571.66552,1554185571.67042,0.083359956741333,0.119859933853149,,,,,,
32,1554185571.55857,1554185571.59027,1554185571.66575,1554185571.72154,1554185571.72645,0.075479984283447,0.13617992401123,,,,,,
32,1554185571.59839,1554185571.63025,1554185571.72181,1554185571.76124,1554185571.76618,0.091560125350952,0.135930061340332,,,,,,
32,1554185571.63833,1554185571.67011,1554185571.76145,1554185571.793,1554185571.79798,0.091340065002441,0.127870082855225,,,,,,
32,1554185571.67823,1554185571.71006,1554185571.79317,1554185571.82503,1554185571.83013,0.083110094070435,0.120070219039917,,,,,,
32,1554185571.71819,1554185571.74993,1554185571.82531,1554185571.88128,1554185571.88632,0.075380086898804,0.136390209197998,,,,,,
32,1554185571.75806,1554185571.78992,1554185571.8816,1554185571.92125,1554185571.92615,0.091679811477661,0.136229991912842,,,,,,
32,1554185571.79815,1554185571.83031,1554185571.92151,1554185571.96245,1554185571.96752,0.09119987487793,0.137209892272949,,,,,,
32,1554185571.83841,1554185571.87013,1554185571.96272,1554185572.00195,1554185572.00688,0.092589855194092,0.136749982833862,,,,,,
32,1554185571.87825,1554185571.91031,1554185572.00227,1554185572.04107,1554185572.04593,0.091959953308106,0.135619878768921,,,,,,
32,1554185571.91843,1554185571.95004,1554185572.04135,1554185572.08273,1554185572.08773,0.091309785842896,0.137689828872681,,,,,,
32,1554185571.95817,1554185571.98976,1554185572.08301,1554185572.1231,1554185572.12797,0.093250036239624,0.13821005821228,,,,,,
32,1554185571.9979,1554185572.02966,1554185572.12341,1554185572.16042,1554185572.16553,0.09375,0.135869979858398,,,,,,
32,1554185572.03778,1554185572.06943,1554185572.16072,1554185572.20026,1554185572.20508,0.09128999710083,0.135649919509888,,,,,,
32,1554185572.07754,1554185572.10933,1554185572.20053,1554185572.23988,1554185572.24521,0.091200113296509,0.135879993438721,,,,,,
32,1554185572.11748,1554185572.14925,1554185572.2402,1554185572.27986,1554185572.28469,0.090950012207031,0.135439872741699,,,,,,
32,1554185572.15733,1554185572.18895,1554185572.28016,1554185572.31181,1554185572.31673,0.091209888458252,0.127779960632324,,,,,,
32,1554185572.19704,1554185572.2287,1554185572.31208,1554185572.35957,1554185572.36446,0.083379983901978,0.135760068893433,,,,,,
32,1554185572.23682,1554185572.2685,1554185572.35987,1554185572.3993,1554185572.40453,0.091369867324829,0.136029958724976,,,,,,
32,1554185572.27669,1554185572.30842,1554185572.3996,1554185572.4318,1554185572.43674,0.091180086135864,0.128319978713989,,,,,,
32,1554185572.31653,1554185572.34825,1554185572.43203,1554185572.46361,1554185572.46853,0.08378005027771,0.120280027389526,,,,,,
32,1554185572.35636,1554185572.3881,1554185572.46388,1554185572.51897,1554185572.5239,0.075780153274536,0.135800123214722,,,,,,
32,1554185572.39638,1554185572.42796,1554185572.51929,1554185572.55916,1554185572.56409,0.091330051422119,0.136130094528198,,,,,,
32,1554185572.43604,1554185572.46774,1554185572.55939,1554185572.59908,1554185572.60413,0.091650009155274,0.136389970779419,,,,,,
32,1554185572.47588,1554185572.50768,1554185572.59932,1554185572.6393,1554185572.64433,0.091639995574951,0.136650085449219,,,,,,
32,1554185572.51585,1554185572.54773,1554185572.63962,1554185572.67947,1554185572.68433,0.091890096664429,0.136600017547607,,,,,,
32,1554185572.55583,1554185572.58774,1554185572.67976,1554185572.71901,1554185572.72393,0.092020034790039,0.136189937591553,,,,,,
32,1554185572.59597,1554185572.62781,1554185572.71923,1554185572.75929,1554185572.76425,0.091419935226441,0.13644003868103,,,,,,
32,1554185572.6359,1554185572.6679,1554185572.75958,1554185572.79518,1554185572.80009,0.091679811477661,0.132189989089966,,,,,,
32,1554185572.67599,1554185572.70784,1554185572.79548,1554185572.83081,1554185572.83587,0.087640047073364,0.128030061721802,,,,,,
32,1554185572.7161,1554185572.7478,1554185572.83102,1554185572.8667,1554185572.8716,0.0832200050354,0.123799800872803,,,,,,
32,1554185572.75199,1554185572.78366,1554185572.86698,1554185572.90225,1554185572.90736,0.083320140838623,0.123700141906738,,,,,,
32,1554185572.78785,1554185572.81961,1554185572.90252,1554185572.93805,1554185572.94295,0.082909822463989,0.123339891433716,,,,,,
32,1554185572.82378,1554185572.85539,1554185572.93828,1554185572.97387,1554185572.97886,0.082890033721924,0.123469829559326,,,,,,
32,1554185572.85958,1554185572.89114,1554185572.97415,1554185573.0097,1554185573.01467,0.083009958267212,0.12352991104126,,,,,,
32,1554185572.89532,1554185572.92693,1554185573.01002,1554185573.04545,1554185573.05042,0.08309006690979,0.12349009513855,,,,,,
32,1554185572.93113,1554185572.9627,1554185573.04576,1554185573.0815,1554185573.08645,0.083060026168823,0.12375020980835,,,,,,
32,1554185572.96685,1554185572.99843,1554185573.08169,1554185573.11783,1554185573.12268,0.08326005935669,0.124249935150146,,,,,,
32,1554185573.00262,1554185573.03426,1554185573.11814,1554185573.15388,1554185573.15879,0.083879947662354,0.124530076980591,,,,,,
32,1554185573.03863,1554185573.07026,1554185573.1542,1554185573.18955,1554185573.19445,0.083940029144287,0.124189853668213,,,,,,
32,1554185573.07448,1554185573.10635,1554185573.18984,1554185573.22143,1554185573.22639,0.083490133285523,0.120039939880371,,,,,,
32,1554185573.11054,1554185573.14226,1554185573.2217,1554185573.26111,1554185573.26618,0.079439878463745,0.12391996383667,,,,,,
32,1554185573.14644,1554185573.17828,1554185573.26139,1554185573.29698,1554185573.30202,0.083109855651856,0.123739957809448,,,,,,
32,1554185573.18248,1554185573.21401,1554185573.29719,1554185573.33283,1554185573.33771,0.083179950714111,0.123699903488159,,,,,,
32,1554185573.21822,1554185573.24987,1554185573.33314,1554185573.36873,1554185573.37376,0.083269834518433,0.123889923095703,,,,,,
32,1554185573.25408,1554185573.28567,1554185573.36901,1554185573.40455,1554185573.40966,0.083339929580689,0.123990058898926,,,,,,
32,1554185573.28991,1554185573.32157,1554185573.40488,1554185573.44079,1554185573.44574,0.083310127258301,0.124170064926147,,,,,,
32,1554185573.32582,1554185573.35737,1554185573.44108,1554185573.47677,1554185573.4818,0.083710193634033,0.124430179595947,,,,,,
32,1554185573.36157,1554185573.39352,1554185573.47698,1554185573.51261,1554185573.51755,0.083459854125977,0.124029874801636,,,,,,
32,1554185573.39782,1554185573.42952,1554185573.51292,1554185573.54853,1554185573.55354,0.083400011062622,0.124020099639893,,,,,,
32,1554185573.43371,1554185573.46551,1554185573.54878,1554185573.58466,1554185573.58971,0.083270072937012,0.124200105667114,,,,,,
32,1554185573.46974,1554185573.50134,1554185573.585,1554185573.61656,1554185573.62158,0.083660125732422,0.120239973068237,,,,,,
32,1554185573.50554,1554185573.53738,1554185573.6168,1554185573.64847,1554185573.65338,0.07942008972168,0.115999937057495,,,,,,
32,1554185573.54166,1554185573.57341,1554185573.64867,1554185573.69233,1554185573.69726,0.075259923934937,0.123849868774414,,,,,,
32,1554185573.57764,1554185573.6093,1554185573.69259,1554185573.72829,1554185573.7332,0.083290100097656,0.123900175094605,,,,,,
32,1554185573.61349,1554185573.64522,1554185573.72863,1554185573.76387,1554185573.77323,0.083410024642944,0.128010034561157,,,,,,
32,1554185573.6494,1554185573.68111,1554185573.76414,1554185573.80415,1554185573.80908,0.083029985427857,0.127969980239868,,,,,,
32,1554185573.68537,1554185573.71694,1554185573.80443,1554185573.83615,1554185573.84115,0.087490081787109,0.124210119247437,,,,,,
32,1554185573.72114,1554185573.75691,1554185573.83645,1554185573.87631,1554185573.88131,0.079540014266968,0.124399900436401,,,,,,
32,1554185573.76109,1554185573.79295,1554185573.87664,1554185573.91233,1554185573.9174,0.083690166473389,0.124449968338013,,,,,,
32,1554185573.79719,1554185573.82904,1554185573.91259,1554185573.94812,1554185573.95305,0.083549976348877,0.124009847640991,,,,,,
32,1554185573.83329,1554185573.86513,1554185573.94843,1554185573.98395,1554185573.98899,0.083300113677979,0.123860120773315,,,,,,
32,1554185573.86937,1554185573.90107,1554185573.98421,1554185574.01979,1554185574.02467,0.083139896392822,0.123599767684937,,,,,,
32,1554185573.90525,1554185573.93683,1554185574.02008,1554185574.0562,1554185574.0612,0.083250045776367,0.124369859695435,,,,,,
32,1554185573.94104,1554185573.97266,1554185574.05649,1554185574.09192,1554185574.09692,0.083829879760742,0.124259948730469,,,,,,
32,1554185573.97684,1554185574.00855,1554185574.09222,1554185574.12785,1554185574.13282,0.083670139312744,0.124269962310791,,,,,,
32,1554185574.01293,1554185574.04474,1554185574.12817,1554185574.16385,1554185574.16876,0.083430051803589,0.124020099639893,,,,,,
32,1554185574.04893,1554185574.08059,1554185574.16417,1554185574.19978,1554185574.20473,0.083580017089844,0.124140024185181,,,,,,
32,1554185574.08479,1554185574.11645,1554185574.20007,1554185574.23564,1554185574.24055,0.083619832992554,0.124099969863892,,,,,,
32,1554185574.12096,1554185574.15256,1554185574.23595,1554185574.27153,1554185574.27651,0.0833899974823,0.123950004577637,,,,,,
32,1554185574.15676,1554185574.18851,1554185574.27183,1554185574.30724,1554185574.31223,0.083320140838623,0.123720169067383,,,,,,
32,1554185574.1927,1554185574.22444,1554185574.30751,1554185574.3391,1554185574.34399,0.083069801330566,0.119549989700317,,,,,,
32,1554185574.22864,1554185574.26028,1554185574.33941,1554185574.38082,1554185574.38571,0.079130172729492,0.125430107116699,,,,,,
32,1554185574.26446,1554185574.29628,1554185574.38113,1554185574.41643,1554185574.42148,0.084850072860718,0.125200033187866,,,,,,
32,1554185574.30057,1554185574.33373,1554185574.41663,1554185574.45218,1554185574.45706,0.082900047302246,0.123330116271973,,,,,,
32,1554185574.33793,1554185574.3695,1554185574.45252,1554185574.48809,1554185574.49298,0.083019971847534,0.123480081558228,,,,,,
32,1554185574.37366,1554185574.40526,1554185574.48839,1554185574.52387,1554185574.52879,0.0831298828125,0.12352991104126,,,,,,
32,1554185574.40947,1554185574.44093,1554185574.52413,1554185574.62144,1554185574.62643,0.083200216293335,0.185500144958496,,,,,,
32,1554185574.44514,1554185574.47664,1554185574.62172,1554185574.65513,1554185574.65826,0.145080089569092,0.181620121002197,,,,,,
32,1554185574.48085,1554185574.51247,1554185574.65531,1554185574.68698,1554185574.69191,0.142839908599854,0.179440021514893,,,,,,
,,,,,,,,,,,,,
,,,,,,,,,,,,,
,,,,,,,,,,,,,
,,,,,,,,,,,,,
,,,,,,,,,,,,,
,,,,,,,,,,,,,
,,,,,,,,,,,,,
,,,,,,,,,,,,,
,,,,,,,,,,,,,
,,,,,,,,,,,,,
0.115999937057495,0.127251801490784,0.185500144958496,,,,,,,,,,,
0.119859933853149,0.151910791397095,0.292220115661621,,,,,,,,,,,
0.184430122375488,0.266410012245178,0.436929941177368,,,,,,,,,,,
0.031110048294067,0.053247013092041,0.080209970474243,,,,,,,,,,,
0.031630039215088,0.054191813468933,0.111800193786621,,,,,,,,,,,
0.03154993057251,0.469942407608032,1.55883979797363,,,,,,,,,,,
0.03138017654419,0.312533802986145,0.833319902420044,,,,,,,,,,,
0.031509876251221,0.915821008682251,3.57241988182068,,,,,,,,,,,
0.03137993812561,0.87031219959259,2.42447996139526,,,,,,,,,,,
