Receive,1,1554185368.2888446,1554185371.3219192
Forward,1,1554185368.2888446,1554185371.659505
Receive,2,1554185368.5955527,1554185371.6598299
Forward,2,1554185368.5955527,1554185371.6918662
Receive,4,1554185368.6276898,1554185371.692109
Forward,4,1554185368.6276898,1554185371.724683
Receive,8,1554185368.659594,1554185371.7249722
Forward,8,1554185368.659594,1554185371.756776
Receive,16,1554185368.6914983,1554185371.757013
Forward,16,1554185368.6914983,1554185371.788921
Receive,32,1554185368.7234106,1554185371.7891736
Forward,32,1554185368.7234106,1554185371.8208468
Receive,64,1554185368.7554064,1554185371.8210545
Forward,64,1554185368.7554064,1554185371.8527753
Receive,128,1554185368.78724,1554185371.8529427
Forward,128,1554185368.78724,1554185371.884654
Receive,256,1554185368.8191357,1554185371.8849661
Forward,256,1554185368.8191357,1554185371.9295316
Receive,512,1554185368.8512437,1554185371.9298267
Forward,512,1554185368.8512437,1554185371.972776
Receive,1024,1554185368.9290097,1554185371.9729757
Forward,1024,1554185368.9290097,1554185372.004941
Receive,2048,1554185368.9607394,1554185372.0051596
Forward,2048,1554185368.9607394,1554185372.1160796
Receive,4096,1554185368.9926894,1554185372.1163974
Forward,4096,1554185368.9926894,1554185372.1514041
Receive,8192,1554185369.062507,1554185372.1515968
Forward,8192,1554185369.062507,1554185372.2344346
Receive,16384,1554185369.2002277,1554185372.2347407
Forward,16384,1554185369.2002277,1554185372.5057638
Receive,32768,1554185369.3414888,1554185372.5061011
Forward,32768,1554185369.3414888,1554185372.7147226
Receive,65536,1554185369.539499,1554185372.7150588
Forward,65536,1554185369.539499,1554185372.862371
Receive,131072,1554185369.6970296,1554185372.8627498
Forward,131072,1554185369.6970296,1554185373.1369092
Receive,262144,1554185369.9361055,1554185373.1373723
Forward,262144,1554185369.9361055,1554185373.5620434
Receive,524288,1554185370.4028752,1554185373.5626144
Forward,524288,1554185370.4028752,1554185374.348109
Receive,1,1554185371.2026467,1554185374.3485928
Forward,1,1554185371.2026467,1554185374.3908372
Receive,2,1554185371.33612,1554185374.3911486
Forward,2,1554185371.33612,1554185374.4338021
Receive,4,1554185371.4692895,1554185374.4341354
Forward,4,1554185371.4692895,1554185374.4766462
Receive,8,1554185371.501401,1554185374.476876
Forward,8,1554185371.501401,1554185374.518263
Receive,16,1554185371.533284,1554185374.5184925
Forward,16,1554185371.533284,1554185374.566859
Receive,32,1554185371.56524,1554185374.5671065
Forward,32,1554185371.56524,1554185374.5990136
Receive,64,1554185371.59768,1554185374.59928
Forward,64,1554185371.59768,1554185374.6326346
Receive,128,1554185371.6297364,1554185374.6329646
Forward,128,1554185371.6297364,1554185374.6730964
Receive,256,1554185371.681547,1554185374.6733794
Forward,256,1554185371.681547,1554185374.706016
Receive,512,1554185371.7134125,1554185374.7062974
Forward,512,1554185371.7134125,1554185374.7977474
Receive,1024,1554185371.7452028,1554185374.798059
Forward,1024,1554185371.7452028,1554185374.8297963
Receive,2048,1554185371.7786067,1554185374.8300982
Forward,2048,1554185371.7786067,1554185374.8687108
Receive,4096,1554185371.8102946,1554185374.8689783
Forward,4096,1554185371.8102946,1554185375.018389
Receive,8192,1554185371.8426673,1554185375.0187254
Forward,8192,1554185371.8426673,1554185375.0875657
Receive,16384,1554185371.8790255,1554185375.087794
Forward,16384,1554185371.8790255,1554185375.1424735
Receive,32768,1554185371.9299502,1554185375.142686
Forward,32768,1554185371.9299502,1554185375.3495061
Receive,65536,1554185372.1277094,1554185375.3498151
Forward,65536,1554185372.1277094,1554185375.5174532
Receive,131072,1554185372.252667,1554185375.5178428
Forward,131072,1554185372.252667,1554185375.7872515
Receive,262144,1554185372.5113826,1554185375.787712
Forward,262144,1554185372.5113826,1554185376.1644907
Receive,524288,1554185372.9559886,1554185376.165014
Forward,524288,1554185372.9559886,1554185377.0263069
Receive,1,1554185373.739716,1554185377.026738
Forward,1,1554185373.739716,1554185377.0585961
Receive,2,1554185373.7863383,1554185377.0587537
Forward,2,1554185373.7863383,1554185377.090383
Receive,4,1554185373.8267436,1554185377.0906053
Forward,4,1554185373.8267436,1554185377.225617
Receive,8,1554185373.8598535,1554185377.225934
Forward,8,1554185373.8598535,1554185377.3007584
Receive,16,1554185373.8943436,1554185377.301059
Forward,16,1554185373.8943436,1554185377.3765724
Receive,32,1554185373.9299853,1554185377.3768795
Forward,32,1554185373.9299853,1554185377.4103968
Receive,64,1554185373.9658282,1554185377.410739
Forward,64,1554185373.9658282,1554185377.443837
Receive,128,1554185373.997785,1554185377.4441574
Forward,128,1554185373.997785,1554185377.4803584
Receive,256,1554185374.029666,1554185377.4805694
Forward,256,1554185374.029666,1554185377.5262296
Receive,512,1554185374.0616393,1554185377.5264058
Forward,512,1554185374.0616393,1554185377.570289
Receive,1024,1554185374.0935478,1554185377.57046
Forward,1024,1554185374.0935478,1554185377.6094508
Receive,2048,1554185374.1256158,1554185377.609648
Forward,2048,1554185374.1256158,1554185377.6418006
Receive,4096,1554185374.1621861,1554185377.6421096
Forward,4096,1554185374.1621861,1554185377.7326615
Receive,8192,1554185374.2592018,1554185377.7328951
Forward,8192,1554185374.2592018,1554185377.7777262
Receive,16384,1554185374.3687656,1554185377.777897
Forward,16384,1554185374.3687656,1554185377.831629
Receive,32768,1554185374.4201171,1554185377.8319001
Forward,32768,1554185374.4201171,1554185378.0570843
Receive,65536,1554185374.6400986,1554185378.0574267
Forward,65536,1554185374.6400986,1554185378.2218843
Receive,131072,1554185374.796426,1554185378.2223585
Forward,131072,1554185374.796426,1554185378.5097432
Receive,262144,1554185375.0777261,1554185378.510248
Forward,262144,1554185375.0777261,1554185378.90279
Receive,524288,1554185375.5145323,1554185378.903405
Forward,524288,1554185375.5145323,1554185379.698073
Receive,1,1554185376.260812,1554185379.6984565
Forward,1,1554185376.260812,1554185379.7301486
Receive,2,1554185376.3021803,1554185379.730303
Forward,2,1554185376.3021803,1554185379.7760315
Receive,4,1554185376.3413744,1554185379.7762542
Forward,4,1554185376.3413744,1554185379.8231056
Receive,8,1554185376.3855035,1554185379.823365
Forward,8,1554185376.3855035,1554185379.8550436
Receive,16,1554185376.4307332,1554185379.855312
Forward,16,1554185376.4307332,1554185379.8925016
Receive,32,1554185376.4736457,1554185379.8928
Forward,32,1554185376.4736457,1554185379.9254293
Receive,64,1554185376.5218093,1554185379.9256644
Forward,64,1554185376.5218093,1554185379.9572752
Receive,128,1554185376.5644417,1554185379.9574933
Forward,128,1554185376.5644417,1554185380.050028
Receive,256,1554185376.6036487,1554185380.0503385
Forward,256,1554185376.6036487,1554185380.0912986
Receive,512,1554185376.6466506,1554185380.0914586
Forward,512,1554185376.6466506,1554185380.1304643
Receive,1024,1554185376.6910028,1554185380.1306171
Forward,1024,1554185376.6910028,1554185380.1664617
Receive,2048,1554185376.7302842,1554185380.166668
Forward,2048,1554185376.7302842,1554185380.2999432
Receive,4096,1554185376.7621343,1554185380.3003697
Forward,4096,1554185376.7621343,1554185380.3425317
Receive,8192,1554185376.881272,1554185380.3427823
Forward,8192,1554185376.881272,1554185380.3929164
Receive,16384,1554185377.0221179,1554185380.3932025
Forward,16384,1554185377.0221179,1554185380.4509661
Receive,32768,1554185377.0767784,1554185380.451357
Forward,32768,1554185377.0767784,1554185380.659848
Receive,65536,1554185377.2909262,1554185380.6602714
Forward,65536,1554185377.2909262,1554185380.8240578
Receive,131072,1554185377.4256136,1554185380.8244133
Forward,131072,1554185377.4256136,1554185381.0963225
Receive,262144,1554185377.725362,1554185381.096775
Forward,262144,1554185377.725362,1554185381.4720376
Receive,524288,1554185378.1292365,1554185381.4726489
Forward,524288,1554185378.1292365,1554185382.3491137
Receive,1,1554185378.883816,1554185382.3495314
Forward,1,1554185378.883816,1554185382.3815088
Receive,2,1554185378.9294543,1554185382.3816276
Forward,2,1554185378.9294543,1554185382.4137363
Receive,4,1554185378.9721432,1554185382.413916
Forward,4,1554185378.9721432,1554185382.4830902
Receive,8,1554185379.0151145,1554185382.4833784
Forward,8,1554185379.0151145,1554185382.6117
Receive,16,1554185379.0587187,1554185382.6119955
Forward,16,1554185379.0587187,1554185382.6436567
Receive,32,1554185379.1021104,1554185382.6439106
Forward,32,1554185379.1021104,1554185382.6754682
Receive,64,1554185379.1485853,1554185382.675655
Forward,64,1554185379.1485853,1554185382.70735
Receive,128,1554185379.1939304,1554185382.7075279
Forward,128,1554185379.1939304,1554185382.7505536
Receive,256,1554185379.2403362,1554185382.7508194
Forward,256,1554185379.2403362,1554185382.8843842
Receive,512,1554185379.2868605,1554185382.8847048
Forward,512,1554185379.2868605,1554185383.0193496
Receive,1024,1554185379.3197305,1554185383.0196419
Forward,1024,1554185379.3197305,1554185383.1551356
Receive,2048,1554185379.351485,1554185383.155447
Forward,2048,1554185379.351485,1554185383.2888727
Receive,4096,1554185379.3836007,1554185383.2892334
Forward,4096,1554185379.3836007,1554185383.4225702
Receive,8192,1554185379.4392953,1554185383.4228597
Forward,8192,1554185379.4392953,1554185383.5594387
Receive,16384,1554185379.5758314,1554185383.5598183
Forward,16384,1554185379.5758314,1554185383.6203296
Receive,32768,1554185379.6361098,1554185383.6205432
Forward,32768,1554185379.6361098,1554185383.8511457
Receive,65536,1554185379.8901744,1554185383.851455
Forward,65536,1554185379.8901744,1554185383.9991016
Receive,131072,1554185380.0377667,1554185383.9994783
Forward,131072,1554185380.0377667,1554185384.412495
Receive,262144,1554185380.3124661,1554185384.4130363
Forward,262144,1554185380.3124661,1554185384.7875838
Receive,524288,1554185380.7468226,1554185384.7881162
Forward,524288,1554185380.7468226,1554185385.5040243
Receive,32,1554185390.1854367,1554185390.213072
Forward,32,1554185390.1854367,1554185390.245056
Receive,32,1554185390.2178595,1554185390.2453315
Forward,32,1554185390.2178595,1554185390.2933788
Receive,32,1554185390.2499917,1554185390.2936857
Forward,32,1554185390.2499917,1554185390.3262327
Receive,32,1554185390.2816706,1554185390.326454
Forward,32,1554185390.2816706,1554185390.3589962
Receive,32,1554185390.3146381,1554185390.359235
Forward,32,1554185390.3146381,1554185390.492
Receive,32,1554185394.9649868,1554185394.9922397
Forward,32,1554185394.9649868,1554185395.1412468
Receive,32,1554185394.9972713,1554185395.1415524
Forward,32,1554185394.9972713,1554185395.1739984
Receive,32,1554185395.029232,1554185395.1742516
Forward,32,1554185395.029232,1554185395.2084754
Receive,32,1554185395.1611714,1554185395.2088194
Forward,32,1554185395.1611714,1554185395.2412848
Receive,32,1554185395.196623,1554185395.241451
Forward,32,1554185395.196623,1554185395.374038
Receive,32,1554185400.0087793,1554185400.0364156
Forward,32,1554185400.0087793,1554185400.0859172
Receive,32,1554185400.041439,1554185400.086244
Forward,32,1554185400.041439,1554185400.1269436
Receive,32,1554185400.0736434,1554185400.127238
Forward,32,1554185400.0736434,1554185400.1592612
Receive,32,1554185400.1057186,1554185400.1595666
Forward,32,1554185400.1057186,1554185400.1969976
Receive,32,1554185400.148681,1554185400.19732
Forward,32,1554185400.148681,1554185400.2292259
Receive,32,1554185405.0419567,1554185405.5578651
Forward,32,1554185405.0419567,1554185405.5899632
Receive,32,1554185405.0752997,1554185405.590257
Forward,32,1554185405.0752997,1554185405.7063327
Receive,32,1554185405.1081195,1554185405.7066581
Forward,32,1554185405.1081195,1554185405.8391445
Receive,32,1554185405.1398292,1554185405.8394725
Forward,32,1554185405.1398292,1554185405.9720106
Receive,32,1554185405.1719785,1554185405.9723454
Forward,32,1554185405.1719785,1554185406.1057243
Receive,32,1554185410.062459,1554185412.3533342
Forward,32,1554185410.062459,1554185412.3902938
Receive,32,1554185410.0946794,1554185412.3904483
Forward,32,1554185410.0946794,1554185412.4220986
Receive,32,1554185410.1264822,1554185412.4223943
Forward,32,1554185410.1264822,1554185412.4626007
Receive,32,1554185410.158028,1554185412.4627812
Forward,32,1554185410.158028,1554185412.494523
Receive,32,1554185410.189731,1554185412.4946203
Forward,32,1554185410.189731,1554185412.526338
Receive,32,1554185414.7108288,1554185415.2537453
Forward,32,1554185414.7108288,1554185415.285907
Receive,32,1554185414.7429278,1554185415.2861204
Forward,32,1554185414.7429278,1554185415.403416
Receive,32,1554185414.7748098,1554185415.4037516
Forward,32,1554185414.7748098,1554185415.537442
Receive,32,1554185414.8067832,1554185415.5377438
Forward,32,1554185414.8067832,1554185415.5695703
Receive,32,1554185414.8456664,1554185415.5697222
Forward,32,1554185414.8456664,1554185415.6014838
Receive,32,1554185419.5341847,1554185420.0539906
Forward,32,1554185419.5341847,1554185420.0862498
Receive,32,1554185419.5663383,1554185420.086552
Forward,32,1554185419.5663383,1554185420.2030425
Receive,32,1554185419.5982165,1554185420.2033482
Forward,32,1554185419.5982165,1554185420.3367124
Receive,32,1554185419.6298492,1554185420.3370006
Forward,32,1554185419.6298492,1554185420.6046553
Receive,32,1554185419.6614356,1554185420.6049845
Forward,32,1554185419.6614356,1554185420.737069
Receive,32,1554185424.5577717,1554185427.610884
Forward,32,1554185424.5577717,1554185427.6430318
Receive,32,1554185424.8267844,1554185427.6431808
Forward,32,1554185424.8267844,1554185427.6747227
Receive,32,1554185424.9286242,1554185427.6748226
Forward,32,1554185424.9286242,1554185427.718541
Receive,32,1554185424.9604278,1554185427.7187428
Forward,32,1554185424.9604278,1554185427.750569
Receive,32,1554185424.9921598,1554185427.7507474
Forward,32,1554185424.9921598,1554185428.149836
Receive,32,1554185430.1448622,1554185430.7739217
Forward,32,1554185430.1448622,1554185430.8059464
Receive,32,1554185430.177211,1554185430.806143
Forward,32,1554185430.177211,1554185430.9227061
Receive,32,1554185430.2196548,1554185430.923012
Forward,32,1554185430.2196548,1554185431.0564268
Receive,32,1554185430.4946265,1554185431.0567274
Forward,32,1554185430.4946265,1554185431.189057
Receive,32,1554185430.5610006,1554185431.1893594
Forward,32,1554185430.5610006,1554185431.26056
Receive,32,1554185435.9581764,1554185436.4058044
Forward,32,1554185435.9581764,1554185436.4379606
Receive,32,1554185435.990427,1554185436.4381843
Forward,32,1554185435.990427,1554185436.4710665
Receive,32,1554185436.262658,1554185436.4712493
Forward,32,1554185436.262658,1554185436.7901194
Receive,32,1554185436.3643687,1554185436.7904234
Forward,32,1554185436.3643687,1554185436.902942
Receive,32,1554185436.4595795,1554185436.9622183
Forward,32,1554185436.4595795,1554185436.994404
Receive,32,1554185441.617252,1554185441.724166
Forward,32,1554185441.617252,1554185441.756269
Receive,32,1554185441.6499164,1554185441.7870102
Forward,32,1554185441.6499164,1554185441.8189
Receive,32,1554185441.6819944,1554185441.8191915
Forward,32,1554185441.6819944,1554185441.8510895
Receive,32,1554185441.7140493,1554185441.8513947
Forward,32,1554185441.7140493,1554185441.8836076
Receive,32,1554185441.7777028,1554185441.8838763
Forward,32,1554185441.7777028,1554185441.9506392
Receive,32,1554185459.8661683,1554185460.6192005
Forward,32,1554185459.8661683,1554185460.6510768
Receive,32,1554185460.8995306,1554185462.7321336
Forward,32,1554185460.8995306,1554185462.7639563
Receive,32,1554185461.9329007,1554185462.7642202
Forward,32,1554185461.9329007,1554185462.7960632
Receive,32,1554185462.9661307,1554185462.9955719
Forward,32,1554185462.9661307,1554185463.0273688
Receive,32,1554185463.999555,1554185464.0268424
Forward,32,1554185463.999555,1554185464.0587294
Receive,32,1554185465.0330145,1554185465.060401
Forward,32,1554185465.0330145,1554185465.0923145
Receive,32,1554185466.066533,1554185466.0937407
Forward,32,1554185466.066533,1554185466.125707
Receive,32,1554185467.0999196,1554185468.610818
Forward,32,1554185467.0999196,1554185468.6424963
Receive,32,1554185468.1334574,1554185468.642669
Forward,32,1554185468.1334574,1554185468.6740544
Receive,32,1554185469.1667852,1554185469.619451
Forward,32,1554185469.1667852,1554185469.6518176
Receive,32,1554185470.2000792,1554185472.619577
Forward,32,1554185470.2000792,1554185472.6516588
Receive,32,1554185471.2332568,1554185472.651855
Forward,32,1554185471.2332568,1554185472.6837027
Receive,32,1554185472.266634,1554185472.6838694
Forward,32,1554185472.266634,1554185472.7156959
Receive,32,1554185473.2999105,1554185473.611062
Forward,32,1554185473.2999105,1554185473.6427891
Receive,32,1554185474.333257,1554185475.61948
Forward,32,1554185474.333257,1554185475.651362
Receive,32,1554185475.3665175,1554185475.6514883
Forward,32,1554185475.3665175,1554185475.683297
Receive,32,1554185476.3998458,1554185478.6107845
Forward,32,1554185476.3998458,1554185478.6425374
Receive,32,1554185477.4342172,1554185478.6427314
Forward,32,1554185477.4342172,1554185478.6742942
Receive,32,1554185478.4675145,1554185478.6744647
Forward,32,1554185478.4675145,1554185478.706003
Receive,32,1554185479.5006816,1554185481.6194665
Forward,32,1554185479.5006816,1554185481.6512249
Receive,32,1554185480.5338533,1554185481.6514063
Forward,32,1554185480.5338533,1554185481.6830413
Receive,32,1554185481.5669599,1554185481.6832116
Forward,32,1554185481.5669599,1554185481.7148826
Receive,32,1554185482.600127,1554185483.6109457
Forward,32,1554185482.600127,1554185483.6426811
Receive,32,1554185483.6336257,1554185483.6605842
Forward,32,1554185483.6336257,1554185483.6923287
Receive,32,1554185484.6667442,1554185484.6938353
Forward,32,1554185484.6667442,1554185484.7258382
Receive,32,1554185485.700594,1554185485.7276545
Forward,32,1554185485.700594,1554185485.7594888
Receive,32,1554185486.7339063,1554185487.6197677
Forward,32,1554185486.7339063,1554185487.6514935
Receive,32,1554185487.7671406,1554185487.8764014
Forward,32,1554185487.7671406,1554185487.9083843
Receive,32,1554185488.8002543,1554185488.8274083
Forward,32,1554185488.8002543,1554185488.8592763
Receive,32,1554185489.8337452,1554185490.619796
Forward,32,1554185489.8337452,1554185490.65168
Receive,32,1554185490.8669436,1554185491.0365214
Forward,32,1554185490.8669436,1554185491.068418
Receive,32,1554185491.900054,1554185493.6111293
Forward,32,1554185491.900054,1554185493.6428607
Receive,32,1554185492.933342,1554185493.6429892
Forward,32,1554185492.933342,1554185493.6746786
Receive,32,1554185493.9665709,1554185494.0924397
Forward,32,1554185493.9665709,1554185494.1242018
Receive,32,1554185494.999796,1554185496.6199808
Forward,32,1554185494.999796,1554185496.651871
Receive,32,1554185496.0331407,1554185496.6519759
Forward,32,1554185496.0331407,1554185496.6838086
Receive,32,1554185497.0663288,1554185497.104284
Forward,32,1554185497.0663288,1554185497.1362145
Receive,32,1554185498.0995812,1554185498.611341
Forward,32,1554185498.0995812,1554185498.6430137
Receive,32,1554185499.1327088,1554185499.1599104
Forward,32,1554185499.1327088,1554185499.1918747
Receive,32,1554185500.1660004,1554185500.1932354
Forward,32,1554185500.1660004,1554185500.2250073
Receive,32,1554185501.1994138,1554185502.6200867
Forward,32,1554185501.1994138,1554185502.6519566
Receive,32,1554185502.2327962,1554185502.6520925
Forward,32,1554185502.2327962,1554185502.683657
Receive,32,1554185503.266117,1554185503.6113951
Forward,32,1554185503.266117,1554185503.6429625
Receive,32,1554185504.2993023,1554185505.6201096
Forward,32,1554185504.2993023,1554185505.6521773
Receive,32,1554185505.332431,1554185505.6523674
Forward,32,1554185505.332431,1554185505.684248
Receive,32,1554185506.3662827,1554185508.6114979
Forward,32,1554185506.3662827,1554185508.6434026
Receive,32,1554185507.3994367,1554185508.6435483
Forward,32,1554185507.3994367,1554185508.6753247
Receive,32,1554185508.433253,1554185508.6755097
Forward,32,1554185508.433253,1554185508.707177
Receive,32,1554185509.4664347,1554185511.6201477
Forward,32,1554185509.4664347,1554185511.6517901
Receive,32,1554185510.4995594,1554185511.6519184
Forward,32,1554185510.4995594,1554185511.6833482
Receive,32,1554185511.5326715,1554185511.6836257
Forward,32,1554185511.5326715,1554185511.7152214
Receive,32,1554185512.0654495,1554185512.0924842
Forward,32,1554185512.0654495,1554185512.1244373
Receive,32,1554185512.5982642,1554185513.6116004
Forward,32,1554185512.5982642,1554185513.643247
Receive,32,1554185513.1308432,1554185513.643445
Forward,32,1554185513.1308432,1554185513.6750364
Receive,32,1554185513.6635728,1554185513.6902616
Forward,32,1554185513.6635728,1554185513.721881
Receive,32,1554185514.1960673,1554185514.2447867
Forward,32,1554185514.1960673,1554185514.2767165
Receive,32,1554185514.7287376,1554185515.1165257
Forward,32,1554185514.7287376,1554185515.1483138
Receive,32,1554185515.2614148,1554185515.6284115
Forward,32,1554185515.2614148,1554185515.6601713
Receive,32,1554185515.7938895,1554185516.140618
Forward,32,1554185515.7938895,1554185516.1723118
Receive,32,1554185516.3264036,1554185517.6201096
Forward,32,1554185516.3264036,1554185517.65187
Receive,32,1554185516.8590834,1554185517.652051
Forward,32,1554185516.8590834,1554185517.6835911
Receive,32,1554185517.3917446,1554185517.6837513
Forward,32,1554185517.3917446,1554185517.7153049
Receive,32,1554185517.9245563,1554185518.032489
Forward,32,1554185517.9245563,1554185518.064279
Receive,32,1554185518.457245,1554185518.5084562
Forward,32,1554185518.457245,1554185518.540465
Receive,32,1554185518.9899025,1554185520.6199887
Forward,32,1554185518.9899025,1554185520.6518662
Receive,32,1554185519.522452,1554185520.6520827
Forward,32,1554185519.522452,1554185520.683924
Receive,32,1554185520.0551298,1554185520.6841152
Forward,32,1554185520.0551298,1554185520.715916
Receive,32,1554185520.5878744,1554185520.7161129
Forward,32,1554185520.5878744,1554185520.7479753
Receive,32,1554185521.1205454,1554185523.6118228
Forward,32,1554185521.1205454,1554185523.6438234
Receive,32,1554185521.653906,1554185523.6440516
Forward,32,1554185521.653906,1554185523.6758063
Receive,32,1554185522.1866698,1554185523.6759987
Forward,32,1554185522.1866698,1554185523.7084067
Receive,32,1554185522.7194526,1554185523.7086148
Forward,32,1554185522.7194526,1554185523.740402
Receive,32,1554185523.2522154,1554185523.7405877
Forward,32,1554185523.2522154,1554185523.7723746
Receive,32,1554185523.7849817,1554185523.8118799
Forward,32,1554185523.7849817,1554185523.844548
Receive,32,1554185524.317618,1554185526.6202064
Forward,32,1554185524.317618,1554185526.6519916
Receive,32,1554185524.8503668,1554185526.6521227
Forward,32,1554185524.8503668,1554185526.6836457
Receive,32,1554185525.3831413,1554185526.6838098
Forward,32,1554185525.3831413,1554185526.715582
Receive,32,1554185525.9161184,1554185526.7157717
Forward,32,1554185525.9161184,1554185526.7475696
Receive,32,1554185526.4488366,1554185526.7477145
Forward,32,1554185526.4488366,1554185526.7794335
Receive,32,1554185526.9815183,1554185528.6117754
Forward,32,1554185526.9815183,1554185528.6436055
Receive,32,1554185527.5142298,1554185528.6437955
Forward,32,1554185527.5142298,1554185528.6753733
Receive,32,1554185528.0472796,1554185528.6755304
Forward,32,1554185528.0472796,1554185528.7072499
Receive,32,1554185528.5799496,1554185528.7074156
Forward,32,1554185528.5799496,1554185528.7391288
Receive,32,1554185529.113976,1554185529.6204615
Forward,32,1554185529.113976,1554185529.6523652
Receive,32,1554185529.6466975,1554185529.6733768
Forward,32,1554185529.6466975,1554185529.705268
Receive,32,1554185530.1791797,1554185533.7227764
Forward,32,1554185530.1791797,1554185533.7556198
Receive,32,1554185530.711929,1554185533.7558203
Forward,32,1554185530.711929,1554185533.7874584
Receive,32,1554185531.2447948,1554185533.7876534
Forward,32,1554185531.2447948,1554185533.8192916
Receive,32,1554185531.7774084,1554185533.8194802
Forward,32,1554185531.7774084,1554185533.8510642
Receive,32,1554185532.3102288,1554185533.8512576
Forward,32,1554185532.3102288,1554185533.8828115
Receive,32,1554185532.8431013,1554185533.8829947
Forward,32,1554185532.8431013,1554185533.9145947
Receive,32,1554185533.3757818,1554185533.9147644
Forward,32,1554185533.3757818,1554185533.946212
Receive,32,1554185533.9085255,1554185533.9662497
Forward,32,1554185533.9085255,1554185533.997879
Receive,32,1554185534.4411225,1554185535.4841855
Forward,32,1554185534.4411225,1554185535.5159755
Receive,32,1554185534.9737072,1554185535.516226
Forward,32,1554185534.9737072,1554185535.5490575
Receive,32,1554185535.5064938,1554185535.5491934
Forward,32,1554185535.5064938,1554185535.5818536
Receive,32,1554185536.0390875,1554185536.4805675
Forward,32,1554185536.0390875,1554185536.5123112
Receive,32,1554185536.571849,1554185536.5987294
Forward,32,1554185536.571849,1554185536.6305213
Receive,32,1554185537.104514,1554185537.4874632
Forward,32,1554185537.104514,1554185537.5193968
Receive,32,1554185537.637267,1554185537.9006448
Forward,32,1554185537.637267,1554185537.9325712
Receive,32,1554185538.1699202,1554185538.4955516
Forward,32,1554185538.1699202,1554185538.5274937
Receive,32,1554185538.4521942,1554185538.5277202
Forward,32,1554185538.4521942,1554185538.5595536
Receive,32,1554185538.7345572,1554185539.4692347
Forward,32,1554185538.7345572,1554185539.5015721
Receive,32,1554185539.0168307,1554185539.5017517
Forward,32,1554185539.0168307,1554185539.5335455
Receive,32,1554185539.2992663,1554185539.5337234
Forward,32,1554185539.2992663,1554185539.5654588
Receive,32,1554185539.5816581,1554185539.6315038
Forward,32,1554185539.5816581,1554185539.6635437
Receive,32,1554185539.8640628,1554185540.0524697
Forward,32,1554185539.8640628,1554185540.0849037
Receive,32,1554185540.146516,1554185540.173399
Forward,32,1554185540.146516,1554185540.2052782
Receive,32,1554185540.4290833,1554185540.468135
Forward,32,1554185540.4290833,1554185540.5001693
Receive,32,1554185540.7116137,1554185541.4682891
Forward,32,1554185540.7116137,1554185541.5000584
Receive,32,1554185540.9939747,1554185541.500226
Forward,32,1554185540.9939747,1554185541.532008
Receive,32,1554185541.2763057,1554185541.5321522
Forward,32,1554185541.2763057,1554185541.5638604
Receive,32,1554185541.5587506,1554185541.5855472
Forward,32,1554185541.5587506,1554185541.6172895
Receive,32,1554185541.841199,1554185541.970492
Forward,32,1554185541.841199,1554185542.0022569
Receive,32,1554185542.1240427,1554185542.4681702
Forward,32,1554185542.1240427,1554185542.500321
Receive,32,1554185542.4078052,1554185542.5004408
Forward,32,1554185542.4078052,1554185542.532221
Receive,32,1554185542.6905918,1554185543.4869566
Forward,32,1554185542.6905918,1554185543.518727
Receive,32,1554185542.972853,1554185543.5189056
Forward,32,1554185542.972853,1554185543.5505807
Receive,32,1554185543.255482,1554185543.550751
Forward,32,1554185543.255482,1554185543.5821948
Receive,32,1554185543.5388613,1554185543.5823667
Forward,32,1554185543.5388613,1554185543.6138687
Receive,32,1554185543.8211694,1554185544.486124
Forward,32,1554185543.8211694,1554185544.5179849
Receive,32,1554185544.103702,1554185544.5182018
Forward,32,1554185544.103702,1554185544.550202
Receive,32,1554185544.386256,1554185544.5503738
Forward,32,1554185544.386256,1554185544.5822082
Receive,32,1554185544.6686137,1554185544.6955175
Forward,32,1554185544.6686137,1554185544.7273428
Receive,32,1554185544.950998,1554185545.164553
Forward,32,1554185544.950998,1554185545.1962664
Receive,32,1554185545.2333412,1554185545.2600286
Forward,32,1554185545.2333412,1554185545.2916443
Receive,32,1554185545.5157266,1554185545.5426579
Forward,32,1554185545.5157266,1554185545.5743985
Receive,32,1554185545.7981741,1554185545.8250926
Forward,32,1554185545.7981741,1554185545.8568003
Receive,32,1554185546.0807905,1554185546.28451
Forward,32,1554185546.0807905,1554185546.3162704
Receive,32,1554185546.3634257,1554185546.3901877
Forward,32,1554185546.3634257,1554185546.421903
Receive,32,1554185546.6460342,1554185547.4681966
Forward,32,1554185546.6460342,1554185547.499977
Receive,32,1554185546.9286058,1554185547.5001829
Forward,32,1554185546.9286058,1554185547.5315888
Receive,32,1554185547.2109144,1554185547.5317497
Forward,32,1554185547.2109144,1554185547.5632446
Receive,32,1554185547.493318,1554185547.5633438
Forward,32,1554185547.493318,1554185547.5948179
Receive,32,1554185547.7756174,1554185548.4680579
Forward,32,1554185547.7756174,1554185548.4997556
Receive,32,1554185548.05798,1554185548.4999235
Forward,32,1554185548.05798,1554185548.53165
Receive,32,1554185548.3404987,1554185548.5318184
Forward,32,1554185548.3404987,1554185548.563375
Receive,32,1554185548.6229563,1554185548.6496522
Forward,32,1554185548.6229563,1554185548.6813083
Receive,32,1554185548.905281,1554185549.4681437
Forward,32,1554185548.905281,1554185549.4999905
Receive,32,1554185549.1877856,1554185549.5001693
Forward,32,1554185549.1877856,1554185549.5319173
Receive,32,1554185549.4702044,1554185549.5320892
Forward,32,1554185549.4702044,1554185549.563732
Receive,32,1554185549.7525659,1554185549.77942
Forward,32,1554185549.7525659,1554185549.811248
Receive,32,1554185550.0350146,1554185550.4681368
Forward,32,1554185550.0350146,1554185550.5057983
Receive,32,1554185550.3176382,1554185550.5059412
Forward,32,1554185550.3176382,1554185550.5376143
Receive,32,1554185550.6000903,1554185550.6316762
Forward,32,1554185550.6000903,1554185550.663556
Receive,32,1554185550.8823142,1554185550.9091828
Forward,32,1554185550.8823142,1554185550.9411473
Receive,32,1554185551.164775,1554185551.46808
Forward,32,1554185551.164775,1554185551.7180467
Receive,32,1554185551.4472065,1554185551.7182567
Forward,32,1554185551.4472065,1554185551.7500753
Receive,32,1554185551.7296648,1554185551.7562757
Forward,32,1554185551.7296648,1554185551.7878764
Receive,32,1554185552.012034,1554185552.4680152
Forward,32,1554185552.012034,1554185552.4999352
Receive,32,1554185552.2945282,1554185552.5000598
Forward,32,1554185552.2945282,1554185552.531831
Receive,32,1554185552.451884,1554185552.5319774
Forward,32,1554185552.451884,1554185552.5637167
Receive,32,1554185552.6090086,1554185553.4680572
Forward,32,1554185552.6090086,1554185553.5000272
Receive,32,1554185552.766145,1554185553.5001755
Forward,32,1554185552.766145,1554185553.5320208
Receive,32,1554185552.9233017,1554185553.5321403
Forward,32,1554185552.9233017,1554185553.5638034
Receive,32,1554185553.080575,1554185553.5639136
Forward,32,1554185553.080575,1554185553.5963757
Receive,32,1554185553.2379625,1554185553.5965066
Forward,32,1554185553.2379625,1554185553.6280527
Receive,32,1554185553.395099,1554185553.6282682
Forward,32,1554185553.395099,1554185553.6783419
Receive,32,1554185553.5521817,1554185553.678476
Forward,32,1554185553.5521817,1554185553.7100189
Receive,32,1554185553.7112522,1554185553.7665079
Forward,32,1554185553.7112522,1554185553.7983284
Receive,32,1554185553.8683152,1554185553.8951712
Forward,32,1554185553.8683152,1554185553.9269774
Receive,32,1554185554.0257561,1554185554.0587242
Forward,32,1554185554.0257561,1554185554.09041
Receive,32,1554185554.1830144,1554185554.467918
Forward,32,1554185554.1830144,1554185554.4996665
Receive,32,1554185554.3400953,1554185554.4997706
Forward,32,1554185554.3400953,1554185554.5311375
Receive,32,1554185554.497392,1554185554.5312603
Forward,32,1554185554.497392,1554185554.5628357
Receive,32,1554185554.6547003,1554185554.7764647
Forward,32,1554185554.6547003,1554185554.8081837
Receive,32,1554185554.8119113,1554185554.8385928
Forward,32,1554185554.8119113,1554185554.8703675
Receive,32,1554185554.9692235,1554185556.4682336
Forward,32,1554185554.9692235,1554185556.4999921
Receive,32,1554185555.126614,1554185556.500126
Forward,32,1554185555.126614,1554185556.5317879
Receive,32,1554185555.283839,1554185556.5319262
Forward,32,1554185555.283839,1554185556.5635004
Receive,32,1554185555.4412363,1554185556.5636227
Forward,32,1554185555.4412363,1554185556.5950058
Receive,32,1554185555.5990155,1554185556.5950954
Forward,32,1554185555.5990155,1554185556.626709
Receive,32,1554185555.7560964,1554185556.6268284
Forward,32,1554185555.7560964,1554185556.6590927
Receive,32,1554185555.914486,1554185556.6592464
Forward,32,1554185555.914486,1554185556.690915
Receive,32,1554185556.071699,1554185556.691102
Forward,32,1554185556.071699,1554185556.72813
Receive,32,1554185556.228831,1554185556.7283912
Forward,32,1554185556.228831,1554185556.7609017
Receive,32,1554185556.3860927,1554185556.7610044
Forward,32,1554185556.3860927,1554185556.7950382
Receive,32,1554185556.543355,1554185556.795153
Forward,32,1554185556.543355,1554185556.8268826
Receive,32,1554185556.7005434,1554185556.8270662
Forward,32,1554185556.7005434,1554185556.8587987
Receive,32,1554185556.8577123,1554185556.9185007
Forward,32,1554185556.8577123,1554185556.9502864
Receive,32,1554185557.014925,1554185557.0419223
Forward,32,1554185557.014925,1554185557.0738413
Receive,32,1554185557.172481,1554185557.2966666
Forward,32,1554185557.172481,1554185557.3284411
Receive,32,1554185557.329778,1554185557.3563714
Forward,32,1554185557.329778,1554185557.3880584
Receive,32,1554185557.4869597,1554185558.1420686
Forward,32,1554185557.4869597,1554185558.1738396
Receive,32,1554185557.6443465,1554185558.1740086
Forward,32,1554185557.6443465,1554185558.2058675
Receive,32,1554185557.801428,1554185558.2060373
Forward,32,1554185557.801428,1554185558.3164058
Receive,32,1554185557.9586096,1554185558.3167255
Forward,32,1554185557.9586096,1554185558.4520018
Receive,32,1554185558.1158464,1554185558.4522893
Forward,32,1554185558.1158464,1554185558.4838457
Receive,32,1554185558.2729294,1554185558.4840553
Forward,32,1554185558.2729294,1554185558.6127074
Receive,32,1554185558.4305317,1554185558.6130252
Forward,32,1554185558.4305317,1554185558.6447701
Receive,32,1554185558.587672,1554185558.6449332
Forward,32,1554185558.587672,1554185558.6765637
Receive,32,1554185558.7446363,1554185559.6208947
Forward,32,1554185558.7446363,1554185559.6530206
Receive,32,1554185558.9019144,1554185559.6532035
Forward,32,1554185558.9019144,1554185559.7350268
Receive,32,1554185559.0597577,1554185559.7353501
Forward,32,1554185559.0597577,1554185559.868663
Receive,32,1554185559.2169936,1554185559.8689523
Forward,32,1554185559.2169936,1554185559.9028425
Receive,32,1554185559.374138,1554185559.903071
Forward,32,1554185559.374138,1554185560.0365155
Receive,32,1554185559.534466,1554185560.0368423
Forward,32,1554185559.534466,1554185560.0697315
Receive,32,1554185559.6917074,1554185560.0700388
Forward,32,1554185559.6917074,1554185560.102024
Receive,32,1554185559.8489985,1554185560.102341
Forward,32,1554185559.8489985,1554185560.20311
Receive,32,1554185560.005941,1554185560.2034354
Forward,32,1554185560.005941,1554185560.2361887
Receive,32,1554185560.1633294,1554185560.236431
Forward,32,1554185560.1633294,1554185560.2680676
Receive,32,1554185560.2579372,1554185560.284387
Forward,32,1554185560.2579372,1554185560.3161318
Receive,32,1554185560.3522668,1554185560.3791232
Forward,32,1554185560.3522668,1554185560.410802
Receive,32,1554185560.4469385,1554185560.4737885
Forward,32,1554185560.4469385,1554185560.5057218
Receive,32,1554185560.5416703,1554185560.5686457
Forward,32,1554185560.5416703,1554185560.601351
Receive,32,1554185560.6366155,1554185560.663351
Forward,32,1554185560.6366155,1554185560.6951952
Receive,32,1554185560.7313647,1554185560.7581713
Forward,32,1554185560.7313647,1554185560.790176
Receive,32,1554185560.826092,1554185560.853075
Forward,32,1554185560.826092,1554185560.8851178
Receive,32,1554185560.9210029,1554185560.947913
Forward,32,1554185560.9210029,1554185560.9799435
Receive,32,1554185561.0157914,1554185561.0427654
Forward,32,1554185561.0157914,1554185561.0747085
Receive,32,1554185561.1106734,1554185561.137678
Forward,32,1554185561.1106734,1554185561.1695952
Receive,32,1554185561.2056208,1554185561.2325802
Forward,32,1554185561.2056208,1554185561.2645955
Receive,32,1554185561.3004148,1554185561.3273354
Forward,32,1554185561.3004148,1554185561.3592696
Receive,32,1554185561.3952336,1554185561.4222088
Forward,32,1554185561.3952336,1554185561.5332813
Receive,32,1554185561.4900987,1554185561.5335608
Forward,32,1554185561.4900987,1554185561.6284704
Receive,32,1554185561.584944,1554185561.628732
Forward,32,1554185561.584944,1554185561.6605005
Receive,32,1554185561.679895,1554185561.706797
Forward,32,1554185561.679895,1554185561.738823
Receive,32,1554185561.7748108,1554185561.801754
Forward,32,1554185561.7748108,1554185561.833781
Receive,32,1554185561.8696744,1554185561.8967154
Forward,32,1554185561.8696744,1554185561.9285722
Receive,32,1554185561.96467,1554185561.991626
Forward,32,1554185561.96467,1554185562.023529
Receive,32,1554185562.0594993,1554185562.0864854
Forward,32,1554185562.0594993,1554185562.1184704
Receive,32,1554185562.1544178,1554185562.1815171
Forward,32,1554185562.1544178,1554185562.293117
Receive,32,1554185562.2494562,1554185562.2934124
Forward,32,1554185562.2494562,1554185562.3882093
Receive,32,1554185562.3444536,1554185562.388632
Forward,32,1554185562.3444536,1554185562.4832702
Receive,32,1554185562.4395,1554185562.4835515
Forward,32,1554185562.4395,1554185562.5154061
Receive,32,1554185562.5345457,1554185562.5614524
Forward,32,1554185562.5345457,1554185562.5934324
Receive,32,1554185562.6293511,1554185562.6562524
Forward,32,1554185562.6293511,1554185562.6882668
Receive,32,1554185562.7241478,1554185562.7512474
Forward,32,1554185562.7241478,1554185562.7831943
Receive,32,1554185562.819152,1554185562.8462162
Forward,32,1554185562.819152,1554185562.9580593
Receive,32,1554185562.9142215,1554185562.958386
Forward,32,1554185562.9142215,1554185563.0527258
Receive,32,1554185563.0090222,1554185563.0530193
Forward,32,1554185563.0090222,1554185563.1479893
Receive,32,1554185563.1039896,1554185563.1482909
Forward,32,1554185563.1039896,1554185563.2427475
Receive,32,1554185563.199014,1554185563.243026
Forward,32,1554185563.199014,1554185563.3377051
Receive,32,1554185563.294012,1554185563.3380067
Forward,32,1554185563.294012,1554185563.4325058
Receive,32,1554185563.3889713,1554185563.4328246
Forward,32,1554185563.3889713,1554185563.527733
Receive,32,1554185563.4838943,1554185563.528082
Forward,32,1554185563.4838943,1554185563.6124601
Receive,32,1554185563.5790014,1554185563.6127408
Forward,32,1554185563.5790014,1554185563.6444695
Receive,32,1554185563.6738904,1554185563.7008388
Forward,32,1554185563.6738904,1554185563.7328498
Receive,32,1554185563.7686708,1554185563.7957516
Forward,32,1554185563.7686708,1554185563.8276951
Receive,32,1554185563.863908,1554185563.89114
Forward,32,1554185563.863908,1554185563.9231057
Receive,32,1554185563.9590507,1554185563.9860466
Forward,32,1554185563.9590507,1554185564.0180326
Receive,32,1554185564.0539,1554185564.0808468
Forward,32,1554185564.0539,1554185564.1131139
Receive,32,1554185564.1487744,1554185564.175711
Forward,32,1554185564.1487744,1554185564.2076635
Receive,32,1554185564.2437887,1554185564.2707553
Forward,32,1554185564.2437887,1554185564.3027763
Receive,32,1554185564.3387187,1554185564.3657057
Forward,32,1554185564.3387187,1554185564.3976989
Receive,32,1554185564.4336944,1554185564.4605386
Forward,32,1554185564.4336944,1554185564.4925494
Receive,32,1554185564.5284045,1554185564.5554886
Forward,32,1554185564.5284045,1554185564.5875351
Receive,32,1554185564.6232429,1554185564.6501145
Forward,32,1554185564.6232429,1554185564.6820962
Receive,32,1554185564.7179215,1554185564.744834
Forward,32,1554185564.7179215,1554185564.776814
Receive,32,1554185564.8126318,1554185564.8396454
Forward,32,1554185564.8126318,1554185564.8715386
Receive,32,1554185564.9074965,1554185564.934423
Forward,32,1554185564.9074965,1554185564.9663239
Receive,32,1554185564.9712856,1554185564.9981854
Forward,32,1554185564.9712856,1554185565.0303774
Receive,32,1554185565.034972,1554185565.0621326
Forward,32,1554185565.034972,1554185565.0941863
Receive,32,1554185565.0987709,1554185565.1258326
Forward,32,1554185565.0987709,1554185565.1579936
Receive,32,1554185565.162421,1554185565.1894786
Forward,32,1554185565.162421,1554185565.221597
Receive,32,1554185565.2260807,1554185565.2527761
Forward,32,1554185565.2260807,1554185565.2847893
Receive,32,1554185565.2892442,1554185565.315982
Forward,32,1554185565.2892442,1554185565.347961
Receive,32,1554185565.3526802,1554185565.379487
Forward,32,1554185565.3526802,1554185565.4113884
Receive,32,1554185565.4161594,1554185565.4431636
Forward,32,1554185565.4161594,1554185565.47519
Receive,32,1554185565.479937,1554185565.5068583
Forward,32,1554185565.479937,1554185565.5868554
Receive,32,1554185565.5434594,1554185565.587166
Forward,32,1554185565.5434594,1554185565.6208613
Receive,32,1554185565.6068861,1554185565.6333673
Forward,32,1554185565.6068861,1554185565.6651175
Receive,32,1554185565.670313,1554185565.6970582
Forward,32,1554185565.670313,1554185565.7771204
Receive,32,1554185565.7336602,1554185565.7774389
Forward,32,1554185565.7336602,1554185565.809339
Receive,32,1554185565.7971556,1554185565.8238006
Forward,32,1554185565.7971556,1554185565.8556266
Receive,32,1554185565.8603144,1554185565.8871953
Forward,32,1554185565.8603144,1554185565.919159
Receive,32,1554185565.9237955,1554185565.9505024
Forward,32,1554185565.9237955,1554185566.03083
Receive,32,1554185565.9872787,1554185566.031142
Forward,32,1554185565.9872787,1554185566.0629299
Receive,32,1554185566.0507517,1554185566.0775173
Forward,32,1554185566.0507517,1554185566.10952
Receive,32,1554185566.1140664,1554185566.1411765
Forward,32,1554185566.1140664,1554185566.1731808
Receive,32,1554185566.1777725,1554185566.2047117
Forward,32,1554185566.1777725,1554185566.2364979
Receive,32,1554185566.24137,1554185566.2682104
Forward,32,1554185566.24137,1554185566.3483977
Receive,32,1554185566.3049195,1554185566.348645
Forward,32,1554185566.3049195,1554185566.411492
Receive,32,1554185566.3683782,1554185566.4117699
Forward,32,1554185566.3683782,1554185566.4750226
Receive,32,1554185566.4318626,1554185566.4753144
Forward,32,1554185566.4318626,1554185566.5385914
Receive,32,1554185566.4951677,1554185566.5388913
Forward,32,1554185566.4951677,1554185566.6017573
Receive,32,1554185566.5585365,1554185566.602009
Forward,32,1554185566.5585365,1554185566.6651838
Receive,32,1554185566.6219177,1554185566.665441
Forward,32,1554185566.6219177,1554185566.6973135
Receive,32,1554185566.685386,1554185566.7120788
Forward,32,1554185566.685386,1554185566.7919512
Receive,32,1554185566.7486522,1554185566.7923381
Forward,32,1554185566.7486522,1554185566.8243272
Receive,32,1554185566.8122456,1554185566.8390932
Forward,32,1554185566.8122456,1554185566.919225
Receive,32,1554185566.875753,1554185566.9194622
Forward,32,1554185566.875753,1554185566.9511232
Receive,32,1554185566.9394598,1554185566.9659991
Forward,32,1554185566.9394598,1554185567.0462074
Receive,32,1554185567.0027835,1554185567.0465212
Forward,32,1554185567.0027835,1554185567.109678
Receive,32,1554185567.0662086,1554185567.110006
Forward,32,1554185567.0662086,1554185567.1729958
Receive,32,1554185567.1296515,1554185567.1731966
Forward,32,1554185567.1296515,1554185567.2048898
Receive,32,1554185567.1931198,1554185567.2198198
Forward,32,1554185567.1931198,1554185567.3010688
Receive,32,1554185567.2574909,1554185567.301364
Forward,32,1554185567.2574909,1554185567.3331218
Receive,32,1554185567.3211179,1554185567.3477511
Forward,32,1554185567.3211179,1554185567.379597
Receive,32,1554185567.384938,1554185567.4116004
Forward,32,1554185567.384938,1554185567.4435632
Receive,32,1554185567.448274,1554185567.4750783
Forward,32,1554185567.448274,1554185567.5553727
Receive,32,1554185567.5117664,1554185567.555713
Forward,32,1554185567.5117664,1554185567.6188624
Receive,32,1554185567.5753376,1554185567.6191068
Forward,32,1554185567.5753376,1554185567.6821723
Receive,32,1554185567.6388257,1554185567.682514
Forward,32,1554185567.6388257,1554185567.7457294
Receive,32,1554185567.70221,1554185567.7460325
Forward,32,1554185567.70221,1554185567.7825294
Receive,32,1554185567.7656956,1554185567.7924657
Forward,32,1554185567.7656956,1554185567.8244786
Receive,32,1554185567.8291688,1554185567.8576965
Forward,32,1554185567.8291688,1554185567.8897142
Receive,32,1554185567.89254,1554185567.9194942
Forward,32,1554185567.89254,1554185567.951471
Receive,32,1554185567.9561129,1554185567.9831476
Forward,32,1554185567.9561129,1554185568.0152318
Receive,32,1554185568.0196848,1554185568.0465722
Forward,32,1554185568.0196848,1554185568.0784733
Receive,32,1554185568.083552,1554185568.6122968
Forward,32,1554185568.083552,1554185568.643962
Receive,32,1554185568.247377,1554185568.6441925
Forward,32,1554185568.247377,1554185568.6756659
Receive,32,1554185568.2952101,1554185568.6758826
Forward,32,1554185568.2952101,1554185568.7184672
Receive,32,1554185568.3430483,1554185568.718786
Forward,32,1554185568.3430483,1554185568.7505965
Receive,32,1554185568.3909726,1554185568.750907
Forward,32,1554185568.3909726,1554185568.7826626
Receive,32,1554185568.4387553,1554185568.7828562
Forward,32,1554185568.4387553,1554185568.8155699
Receive,32,1554185568.486401,1554185568.8157818
Forward,32,1554185568.486401,1554185568.8635979
Receive,32,1554185568.534179,1554185568.8639207
Forward,32,1554185568.534179,1554185568.8956227
Receive,32,1554185568.5819159,1554185568.895828
Forward,32,1554185568.5819159,1554185568.9595218
Receive,32,1554185568.6296937,1554185568.9597225
Forward,32,1554185568.6296937,1554185569.0071394
Receive,32,1554185568.677283,1554185569.0073915
Forward,32,1554185568.677283,1554185569.0387766
Receive,32,1554185568.725086,1554185569.038907
Forward,32,1554185568.725086,1554185569.0704165
Receive,32,1554185568.772775,1554185569.070554
Forward,32,1554185568.772775,1554185569.102086
Receive,32,1554185568.820418,1554185569.1023574
Forward,32,1554185568.820418,1554185569.1501446
Receive,32,1554185568.8682804,1554185569.150554
Forward,32,1554185568.8682804,1554185569.1979268
Receive,32,1554185568.9161365,1554185569.1982107
Forward,32,1554185568.9161365,1554185569.2454615
Receive,32,1554185568.9641986,1554185569.2457366
Forward,32,1554185568.9641986,1554185569.293493
Receive,32,1554185569.0118883,1554185569.293728
Forward,32,1554185569.0118883,1554185569.341313
Receive,32,1554185569.0594234,1554185569.3415926
Forward,32,1554185569.0594234,1554185569.3888958
Receive,32,1554185569.107205,1554185569.3891134
Forward,32,1554185569.107205,1554185569.420885
Receive,32,1554185569.1547425,1554185569.421031
Forward,32,1554185569.1547425,1554185569.453435
Receive,32,1554185569.2024403,1554185569.4536002
Forward,32,1554185569.2024403,1554185569.485356
Receive,32,1554185569.2502706,1554185569.4856215
Forward,32,1554185569.2502706,1554185569.5319114
Receive,32,1554185569.2981539,1554185569.532189
Forward,32,1554185569.2981539,1554185569.5796597
Receive,32,1554185569.346038,1554185569.5800025
Forward,32,1554185569.346038,1554185569.627355
Receive,32,1554185569.3937745,1554185569.6276093
Forward,32,1554185569.3937745,1554185569.6592195
Receive,32,1554185569.4414048,1554185569.6593757
Forward,32,1554185569.4414048,1554185569.6916873
Receive,32,1554185569.4888818,1554185569.6918557
Forward,32,1554185569.4888818,1554185569.7235956
Receive,32,1554185569.5365741,1554185569.7238293
Forward,32,1554185569.5365741,1554185569.7699113
Receive,32,1554185569.584172,1554185569.7701795
Forward,32,1554185569.584172,1554185569.8176184
Receive,32,1554185569.6318145,1554185569.8179183
Forward,32,1554185569.6318145,1554185569.865426
Receive,32,1554185569.679252,1554185569.8657532
Forward,32,1554185569.679252,1554185569.9128814
Receive,32,1554185569.7267156,1554185569.9131575
Forward,32,1554185569.7267156,1554185569.960687
Receive,32,1554185569.774384,1554185569.9610887
Forward,32,1554185569.774384,1554185570.0083115
Receive,32,1554185569.822208,1554185570.0085537
Forward,32,1554185569.822208,1554185570.056435
Receive,32,1554185569.869927,1554185570.056733
Forward,32,1554185569.869927,1554185570.1043196
Receive,32,1554185569.9176848,1554185570.1045997
Forward,32,1554185569.9176848,1554185570.1519692
Receive,32,1554185569.9653928,1554185570.1521568
Forward,32,1554185569.9653928,1554185570.2001815
Receive,32,1554185570.0129638,1554185570.200515
Forward,32,1554185570.0129638,1554185570.2475626
Receive,32,1554185570.0607486,1554185570.2477732
Forward,32,1554185570.0607486,1554185570.2795231
Receive,32,1554185570.1087844,1554185570.2796955
Forward,32,1554185570.1087844,1554185570.3431995
Receive,32,1554185570.1567702,1554185570.3434892
Forward,32,1554185570.1567702,1554185570.391433
Receive,32,1554185570.2045562,1554185570.391628
Forward,32,1554185570.2045562,1554185570.439364
Receive,32,1554185570.252303,1554185570.4396157
Forward,32,1554185570.252303,1554185570.4877365
Receive,32,1554185570.2999952,1554185570.488136
Forward,32,1554185570.2999952,1554185570.5197892
Receive,32,1554185570.3478537,1554185570.519974
Forward,32,1554185570.3478537,1554185570.5834148
Receive,32,1554185570.3958073,1554185570.5836778
Forward,32,1554185570.3958073,1554185570.6311066
Receive,32,1554185570.443976,1554185570.631379
Forward,32,1554185570.443976,1554185570.6716661
Receive,32,1554185570.4919524,1554185570.6719704
Forward,32,1554185570.4919524,1554185570.7113922
Receive,32,1554185570.5400171,1554185570.711619
Forward,32,1554185570.5400171,1554185570.7513957
Receive,32,1554185570.5879223,1554185570.7516136
Forward,32,1554185570.5879223,1554185570.791222
Receive,32,1554185570.6281106,1554185570.7915087
Forward,32,1554185570.6281106,1554185570.8310814
Receive,32,1554185570.6681914,1554185570.8312945
Forward,32,1554185570.6681914,1554185570.8709407
Receive,32,1554185570.7080944,1554185570.8711863
Forward,32,1554185570.7080944,1554185570.9108932
Receive,32,1554185570.7479527,1554185570.911187
Forward,32,1554185570.7479527,1554185570.9506938
Receive,32,1554185570.787855,1554185570.9509509
Forward,32,1554185570.787855,1554185570.9903805
Receive,32,1554185570.827913,1554185570.9906085
Forward,32,1554185570.827913,1554185571.022316
Receive,32,1554185570.867792,1554185571.022607
Forward,32,1554185570.867792,1554185571.1623354
Receive,32,1554185570.9076378,1554185571.1627061
Forward,32,1554185570.9076378,1554185571.1954436
Receive,32,1554185570.947417,1554185571.1957433
Forward,32,1554185570.947417,1554185571.2281952
Receive,32,1554185570.9871712,1554185571.2285056
Forward,32,1554185570.9871712,1554185571.2826982
Receive,32,1554185571.0273142,1554185571.28301
Forward,32,1554185571.0273142,1554185571.3228493
Receive,32,1554185571.183524,1554185571.3231666
Forward,32,1554185571.183524,1554185571.3627188
Receive,32,1554185571.223282,1554185571.36302
Forward,32,1554185571.223282,1554185571.402271
Receive,32,1554185571.279527,1554185571.4025114
Forward,32,1554185571.279527,1554185571.4420097
Receive,32,1554185571.3194854,1554185571.4422307
Forward,32,1554185571.3194854,1554185571.4818778
Receive,32,1554185571.3591924,1554185571.4822185
Forward,32,1554185571.3591924,1554185571.521952
Receive,32,1554185571.399126,1554185571.5222108
Forward,32,1554185571.399126,1554185571.5618782
Receive,32,1554185571.4388983,1554185571.562183
Forward,32,1554185571.4388983,1554185571.601701
Receive,32,1554185571.4787874,1554185571.602008
Forward,32,1554185571.4787874,1554185571.633734
Receive,32,1554185571.5185897,1554185571.633921
Forward,32,1554185571.5185897,1554185571.6655161
Receive,32,1554185571.55857,1554185571.6657488
Forward,32,1554185571.55857,1554185571.7215378
Receive,32,1554185571.59839,1554185571.7218118
Forward,32,1554185571.59839,1554185571.761238
Receive,32,1554185571.6383348,1554185571.7614481
Forward,32,1554185571.6383348,1554185571.7930017
Receive,32,1554185571.6782277,1554185571.7931666
Forward,32,1554185571.6782277,1554185571.8250332
Receive,32,1554185571.718187,1554185571.8253074
Forward,32,1554185571.718187,1554185571.881284
Receive,32,1554185571.7580595,1554185571.8816009
Forward,32,1554185571.7580595,1554185571.92125
Receive,32,1554185571.798145,1554185571.9215117
Forward,32,1554185571.798145,1554185571.9624538
Receive,32,1554185571.8384056,1554185571.9627218
Forward,32,1554185571.8384056,1554185572.0019479
Receive,32,1554185571.8782525,1554185572.002268
Forward,32,1554185571.8782525,1554185572.041066
Receive,32,1554185571.9184322,1554185572.0413527
Forward,32,1554185571.9184322,1554185572.082725
Receive,32,1554185571.9581654,1554185572.0830073
Forward,32,1554185571.9581654,1554185572.1230986
Receive,32,1554185571.9978971,1554185572.1234066
Forward,32,1554185571.9978971,1554185572.1604242
Receive,32,1554185572.0377781,1554185572.1607194
Forward,32,1554185572.0377781,1554185572.2002604
Receive,32,1554185572.0775387,1554185572.200534
Forward,32,1554185572.0775387,1554185572.23988
Receive,32,1554185572.1174772,1554185572.2402043
Forward,32,1554185572.1174772,1554185572.2798586
Receive,32,1554185572.1573308,1554185572.2801614
Forward,32,1554185572.1573308,1554185572.3118103
Receive,32,1554185572.1970434,1554185572.3120797
Forward,32,1554185572.1970434,1554185572.3595724
Receive,32,1554185572.2368236,1554185572.3598707
Forward,32,1554185572.2368236,1554185572.399301
Receive,32,1554185572.2766879,1554185572.399598
Forward,32,1554185572.2766879,1554185572.4318006
Receive,32,1554185572.3165298,1554185572.4320297
Forward,32,1554185572.3165298,1554185572.4636083
Receive,32,1554185572.3563566,1554185572.4638753
Forward,32,1554185572.3563566,1554185572.5189652
Receive,32,1554185572.3963776,1554185572.5192914
Forward,32,1554185572.3963776,1554185572.5591636
Receive,32,1554185572.4360435,1554185572.5593908
Forward,32,1554185572.4360435,1554185572.5990815
Receive,32,1554185572.4758794,1554185572.5993242
Forward,32,1554185572.4758794,1554185572.6392999
Receive,32,1554185572.515849,1554185572.6396165
Forward,32,1554185572.515849,1554185572.6794696
Receive,32,1554185572.55583,1554185572.679757
Forward,32,1554185572.55583,1554185572.719014
Receive,32,1554185572.5959682,1554185572.7192292
Forward,32,1554185572.5959682,1554185572.7592876
Receive,32,1554185572.6358962,1554185572.7595801
Forward,32,1554185572.6358962,1554185572.795175
Receive,32,1554185572.6759915,1554185572.7954795
Forward,32,1554185572.6759915,1554185572.8308082
Receive,32,1554185572.7160962,1554185572.8310246
Forward,32,1554185572.7160962,1554185572.866702
Receive,32,1554185572.751992,1554185572.866977
Forward,32,1554185572.751992,1554185572.9022481
Receive,32,1554185572.7878518,1554185572.9025154
Forward,32,1554185572.7878518,1554185572.9380457
Receive,32,1554185572.823784,1554185572.9382823
Forward,32,1554185572.823784,1554185572.9738703
Receive,32,1554185572.8595753,1554185572.9741538
Forward,32,1554185572.8595753,1554185573.0096986
Receive,32,1554185572.8953245,1554185573.010019
Forward,32,1554185572.8953245,1554185573.0454535
Receive,32,1554185572.9311275,1554185573.0457604
Forward,32,1554185572.9311275,1554185573.0814981
Receive,32,1554185572.966845,1554185573.0816936
Forward,32,1554185572.966845,1554185573.117831
Receive,32,1554185573.0026243,1554185573.118138
Forward,32,1554185573.0026243,1554185573.1538758
Receive,32,1554185573.0386274,1554185573.1541972
Forward,32,1554185573.0386274,1554185573.189548
Receive,32,1554185573.074478,1554185573.1898391
Forward,32,1554185573.074478,1554185573.2214284
Receive,32,1554185573.1105373,1554185573.2216969
Forward,32,1554185573.1105373,1554185573.2611065
Receive,32,1554185573.146442,1554185573.2613935
Forward,32,1554185573.146442,1554185573.296975
Receive,32,1554185573.1824791,1554185573.297185
Forward,32,1554185573.1824791,1554185573.332833
Receive,32,1554185573.2182217,1554185573.3331356
Forward,32,1554185573.2182217,1554185573.368731
Receive,32,1554185573.2540786,1554185573.369012
Forward,32,1554185573.2540786,1554185573.40455
Receive,32,1554185573.2899115,1554185573.4048803
Forward,32,1554185573.2899115,1554185573.44079
Receive,32,1554185573.3258176,1554185573.4410758
Forward,32,1554185573.3258176,1554185573.4767673
Receive,32,1554185573.3615692,1554185573.476982
Forward,32,1554185573.3615692,1554185573.512615
Receive,32,1554185573.3978152,1554185573.5129197
Forward,32,1554185573.3978152,1554185573.5485268
Receive,32,1554185573.4337058,1554185573.5487754
Forward,32,1554185573.4337058,1554185573.584659
Receive,32,1554185573.469743,1554185573.5849953
Forward,32,1554185573.469743,1554185573.6165566
Receive,32,1554185573.5055351,1554185573.6168008
Forward,32,1554185573.5055351,1554185573.6484678
Receive,32,1554185573.5416586,1554185573.6486676
Forward,32,1554185573.5416586,1554185573.692326
Receive,32,1554185573.5776415,1554185573.6925914
Forward,32,1554185573.5776415,1554185573.728294
Receive,32,1554185573.6134906,1554185573.7286274
Forward,32,1554185573.6134906,1554185573.7638743
Receive,32,1554185573.6494033,1554185573.7641375
Forward,32,1554185573.6494033,1554185573.80415
Receive,32,1554185573.6853683,1554185573.8044276
Forward,32,1554185573.6853683,1554185573.8361495
Receive,32,1554185573.7211401,1554185573.836447
Forward,32,1554185573.7211401,1554185573.876306
Receive,32,1554185573.761089,1554185573.8766382
Forward,32,1554185573.761089,1554185573.912325
Receive,32,1554185573.7971869,1554185573.9125884
Forward,32,1554185573.7971869,1554185573.9481213
Receive,32,1554185573.833289,1554185573.9484303
Forward,32,1554185573.833289,1554185573.9839451
Receive,32,1554185573.869368,1554185573.9842148
Forward,32,1554185573.869368,1554185574.019786
Receive,32,1554185573.9052455,1554185574.020081
Forward,32,1554185573.9052455,1554185574.056204
Receive,32,1554185573.9410362,1554185574.0564885
Forward,32,1554185573.9410362,1554185574.0919163
Receive,32,1554185573.9768448,1554185574.0922198
Forward,32,1554185573.9768448,1554185574.1278543
Receive,32,1554185574.012925,1554185574.1281748
Forward,32,1554185574.012925,1554185574.1638503
Receive,32,1554185574.0489259,1554185574.164165
Forward,32,1554185574.0489259,1554185574.1997817
Receive,32,1554185574.0847945,1554185574.200067
Forward,32,1554185574.0847945,1554185574.235638
Receive,32,1554185574.1209605,1554185574.235947
Forward,32,1554185574.1209605,1554185574.2715263
Receive,32,1554185574.156762,1554185574.2718263
Forward,32,1554185574.156762,1554185574.3072402
Receive,32,1554185574.192704,1554185574.3075125
Forward,32,1554185574.192704,1554185574.339102
Receive,32,1554185574.2286413,1554185574.3394148
Forward,32,1554185574.2286413,1554185574.3808215
Receive,32,1554185574.2644575,1554185574.3811276
Forward,32,1554185574.2644575,1554185574.4164255
Receive,32,1554185574.3005667,1554185574.416634
Forward,32,1554185574.3005667,1554185574.452184
Receive,32,1554185574.3379269,1554185574.4525185
Forward,32,1554185574.3379269,1554185574.4880896
Receive,32,1554185574.3736637,1554185574.4883926
Forward,32,1554185574.3736637,1554185574.5238664
Receive,32,1554185574.409466,1554185574.524129
Forward,32,1554185574.409466,1554185574.621439
Receive,32,1554185574.4451437,1554185574.6217237
Forward,32,1554185574.4451437,1554185574.6551344
Receive,32,1554185574.4808486,1554185574.6553125
Forward,32,1554185574.4808486,1554185574.686982
