message size, message key, receiving time, forwarding time
1,1554185368.2888446,1554185371.3219192,1554185371.659505
2,1554185368.5955527,1554185371.6598299,1554185371.6918662
4,1554185368.6276898,1554185371.692109,1554185371.724683
8,1554185368.659594,1554185371.7249722,1554185371.756776
16,1554185368.6914983,1554185371.757013,1554185371.788921
32,1554185368.7234106,1554185371.7891736,1554185371.8208468
64,1554185368.7554064,1554185371.8210545,1554185371.8527753
128,1554185368.78724,1554185371.8529427,1554185371.884654
256,1554185368.8191357,1554185371.8849661,1554185371.9295316
512,1554185368.8512437,1554185371.9298267,1554185371.972776
1024,1554185368.9290097,1554185371.9729757,1554185372.004941
2048,1554185368.9607394,1554185372.0051596,1554185372.1160796
4096,1554185368.9926894,1554185372.1163974,1554185372.1514041
8192,1554185369.062507,1554185372.1515968,1554185372.2344346
16384,1554185369.2002277,1554185372.2347407,1554185372.5057638
32768,1554185369.3414888,1554185372.5061011,1554185372.7147226
65536,1554185369.539499,1554185372.7150588,1554185372.862371
131072,1554185369.6970296,1554185372.8627498,1554185373.1369092
262144,1554185369.9361055,1554185373.1373723,1554185373.5620434
524288,1554185370.4028752,1554185373.5626144,1554185374.348109
1,1554185371.2026467,1554185374.3485928,1554185374.3908372
2,1554185371.33612,1554185374.3911486,1554185374.4338021
4,1554185371.4692895,1554185374.4341354,1554185374.4766462
8,1554185371.501401,1554185374.476876,1554185374.518263
16,1554185371.533284,1554185374.5184925,1554185374.566859
32,1554185371.56524,1554185374.5671065,1554185374.5990136
64,1554185371.59768,1554185374.59928,1554185374.6326346
128,1554185371.6297364,1554185374.6329646,1554185374.6730964
256,1554185371.681547,1554185374.6733794,1554185374.706016
512,1554185371.7134125,1554185374.7062974,1554185374.7977474
1024,1554185371.7452028,1554185374.798059,1554185374.8297963
2048,1554185371.7786067,1554185374.8300982,1554185374.8687108
4096,1554185371.8102946,1554185374.8689783,1554185375.018389
8192,1554185371.8426673,1554185375.0187254,1554185375.0875657
16384,1554185371.8790255,1554185375.087794,1554185375.1424735
32768,1554185371.9299502,1554185375.142686,1554185375.3495061
65536,1554185372.1277094,1554185375.3498151,1554185375.5174532
131072,1554185372.252667,1554185375.5178428,1554185375.7872515
262144,1554185372.5113826,1554185375.787712,1554185376.1644907
524288,1554185372.9559886,1554185376.165014,1554185377.0263069
1,1554185373.739716,1554185377.026738,1554185377.0585961
2,1554185373.7863383,1554185377.0587537,1554185377.090383
4,1554185373.8267436,1554185377.0906053,1554185377.225617
8,1554185373.8598535,1554185377.225934,1554185377.3007584
16,1554185373.8943436,1554185377.301059,1554185377.3765724
32,1554185373.9299853,1554185377.3768795,1554185377.4103968
64,1554185373.9658282,1554185377.410739,1554185377.443837
128,1554185373.997785,1554185377.4441574,1554185377.4803584
256,1554185374.029666,1554185377.4805694,1554185377.5262296
512,1554185374.0616393,1554185377.5264058,1554185377.570289
1024,1554185374.0935478,1554185377.57046,1554185377.6094508
2048,1554185374.1256158,1554185377.609648,1554185377.6418006
4096,1554185374.1621861,1554185377.6421096,1554185377.7326615
8192,1554185374.2592018,1554185377.7328951,1554185377.7777262
16384,1554185374.3687656,1554185377.777897,1554185377.831629
32768,1554185374.4201171,1554185377.8319001,1554185378.0570843
65536,1554185374.6400986,1554185378.0574267,1554185378.2218843
131072,1554185374.796426,1554185378.2223585,1554185378.5097432
262144,1554185375.0777261,1554185378.510248,1554185378.90279
524288,1554185375.5145323,1554185378.903405,1554185379.698073
1,1554185376.260812,1554185379.6984565,1554185379.7301486
2,1554185376.3021803,1554185379.730303,1554185379.7760315
4,1554185376.3413744,1554185379.7762542,1554185379.8231056
8,1554185376.3855035,1554185379.823365,1554185379.8550436
16,1554185376.4307332,1554185379.855312,1554185379.8925016
32,1554185376.4736457,1554185379.8928,1554185379.9254293
64,1554185376.5218093,1554185379.9256644,1554185379.9572752
128,1554185376.5644417,1554185379.9574933,1554185380.050028
256,1554185376.6036487,1554185380.0503385,1554185380.0912986
512,1554185376.6466506,1554185380.0914586,1554185380.1304643
1024,1554185376.6910028,1554185380.1306171,1554185380.1664617
2048,1554185376.7302842,1554185380.166668,1554185380.2999432
4096,1554185376.7621343,1554185380.3003697,1554185380.3425317
8192,1554185376.881272,1554185380.3427823,1554185380.3929164
16384,1554185377.0221179,1554185380.3932025,1554185380.4509661
32768,1554185377.0767784,1554185380.451357,1554185380.659848
65536,1554185377.2909262,1554185380.6602714,1554185380.8240578
131072,1554185377.4256136,1554185380.8244133,1554185381.0963225
262144,1554185377.725362,1554185381.096775,1554185381.4720376
524288,1554185378.1292365,1554185381.4726489,1554185382.3491137
1,1554185378.883816,1554185382.3495314,1554185382.3815088
2,1554185378.9294543,1554185382.3816276,1554185382.4137363
4,1554185378.9721432,1554185382.413916,1554185382.4830902
8,1554185379.0151145,1554185382.4833784,1554185382.6117
16,1554185379.0587187,1554185382.6119955,1554185382.6436567
32,1554185379.1021104,1554185382.6439106,1554185382.6754682
64,1554185379.1485853,1554185382.675655,1554185382.70735
128,1554185379.1939304,1554185382.7075279,1554185382.7505536
256,1554185379.2403362,1554185382.7508194,1554185382.8843842
512,1554185379.2868605,1554185382.8847048,1554185383.0193496
1024,1554185379.3197305,1554185383.0196419,1554185383.1551356
2048,1554185379.351485,1554185383.155447,1554185383.2888727
4096,1554185379.3836007,1554185383.2892334,1554185383.4225702
8192,1554185379.4392953,1554185383.4228597,1554185383.5594387
16384,1554185379.5758314,1554185383.5598183,1554185383.6203296
32768,1554185379.6361098,1554185383.6205432,1554185383.8511457
65536,1554185379.8901744,1554185383.851455,1554185383.9991016
131072,1554185380.0377667,1554185383.9994783,1554185384.412495
262144,1554185380.3124661,1554185384.4130363,1554185384.7875838
524288,1554185380.7468226,1554185384.7881162,1554185385.5040243
32,1554185390.1854367,1554185390.213072,1554185390.245056
32,1554185390.2178595,1554185390.2453315,1554185390.2933788
32,1554185390.2499917,1554185390.2936857,1554185390.3262327
32,1554185390.2816706,1554185390.326454,1554185390.3589962
32,1554185390.3146381,1554185390.359235,1554185390.492
32,1554185394.9649868,1554185394.9922397,1554185395.1412468
32,1554185394.9972713,1554185395.1415524,1554185395.1739984
32,1554185395.029232,1554185395.1742516,1554185395.2084754
32,1554185395.1611714,1554185395.2088194,1554185395.2412848
32,1554185395.196623,1554185395.241451,1554185395.374038
32,1554185400.0087793,1554185400.0364156,1554185400.0859172
32,1554185400.041439,1554185400.086244,1554185400.1269436
32,1554185400.0736434,1554185400.127238,1554185400.1592612
32,1554185400.1057186,1554185400.1595666,1554185400.1969976
32,1554185400.148681,1554185400.19732,1554185400.2292259
32,1554185405.0419567,1554185405.5578651,1554185405.5899632
32,1554185405.0752997,1554185405.590257,1554185405.7063327
32,1554185405.1081195,1554185405.7066581,1554185405.8391445
32,1554185405.1398292,1554185405.8394725,1554185405.9720106
32,1554185405.1719785,1554185405.9723454,1554185406.1057243
32,1554185410.062459,1554185412.3533342,1554185412.3902938
32,1554185410.0946794,1554185412.3904483,1554185412.4220986
32,1554185410.1264822,1554185412.4223943,1554185412.4626007
32,1554185410.158028,1554185412.4627812,1554185412.494523
32,1554185410.189731,1554185412.4946203,1554185412.526338
32,1554185414.7108288,1554185415.2537453,1554185415.285907
32,1554185414.7429278,1554185415.2861204,1554185415.403416
32,1554185414.7748098,1554185415.4037516,1554185415.537442
32,1554185414.8067832,1554185415.5377438,1554185415.5695703
32,1554185414.8456664,1554185415.5697222,1554185415.6014838
32,1554185419.5341847,1554185420.0539906,1554185420.0862498
32,1554185419.5663383,1554185420.086552,1554185420.2030425
32,1554185419.5982165,1554185420.2033482,1554185420.3367124
32,1554185419.6298492,1554185420.3370006,1554185420.6046553
32,1554185419.6614356,1554185420.6049845,1554185420.737069
32,1554185424.5577717,1554185427.610884,1554185427.6430318
32,1554185424.8267844,1554185427.6431808,1554185427.6747227
32,1554185424.9286242,1554185427.6748226,1554185427.718541
32,1554185424.9604278,1554185427.7187428,1554185427.750569
32,1554185424.9921598,1554185427.7507474,1554185428.149836
32,1554185430.1448622,1554185430.7739217,1554185430.8059464
32,1554185430.177211,1554185430.806143,1554185430.9227061
32,1554185430.2196548,1554185430.923012,1554185431.0564268
32,1554185430.4946265,1554185431.0567274,1554185431.189057
32,1554185430.5610006,1554185431.1893594,1554185431.26056
32,1554185435.9581764,1554185436.4058044,1554185436.4379606
32,1554185435.990427,1554185436.4381843,1554185436.4710665
32,1554185436.262658,1554185436.4712493,1554185436.7901194
32,1554185436.3643687,1554185436.7904234,1554185436.902942
32,1554185436.4595795,1554185436.9622183,1554185436.994404
32,1554185441.617252,1554185441.724166,1554185441.756269
32,1554185441.6499164,1554185441.7870102,1554185441.8189
32,1554185441.6819944,1554185441.8191915,1554185441.8510895
32,1554185441.7140493,1554185441.8513947,1554185441.8836076
32,1554185441.7777028,1554185441.8838763,1554185441.9506392
32,1554185459.8661683,1554185460.6192005,1554185460.6510768
32,1554185460.8995306,1554185462.7321336,1554185462.7639563
32,1554185461.9329007,1554185462.7642202,1554185462.7960632
32,1554185462.9661307,1554185462.9955719,1554185463.0273688
32,1554185463.999555,1554185464.0268424,1554185464.0587294
32,1554185465.0330145,1554185465.060401,1554185465.0923145
32,1554185466.066533,1554185466.0937407,1554185466.125707
32,1554185467.0999196,1554185468.610818,1554185468.6424963
32,1554185468.1334574,1554185468.642669,1554185468.6740544
32,1554185469.1667852,1554185469.619451,1554185469.6518176
32,1554185470.2000792,1554185472.619577,1554185472.6516588
32,1554185471.2332568,1554185472.651855,1554185472.6837027
32,1554185472.266634,1554185472.6838694,1554185472.7156959
32,1554185473.2999105,1554185473.611062,1554185473.6427891
32,1554185474.333257,1554185475.61948,1554185475.651362
32,1554185475.3665175,1554185475.6514883,1554185475.683297
32,1554185476.3998458,1554185478.6107845,1554185478.6425374
32,1554185477.4342172,1554185478.6427314,1554185478.6742942
32,1554185478.4675145,1554185478.6744647,1554185478.706003
32,1554185479.5006816,1554185481.6194665,1554185481.6512249
32,1554185480.5338533,1554185481.6514063,1554185481.6830413
32,1554185481.5669599,1554185481.6832116,1554185481.7148826
32,1554185482.600127,1554185483.6109457,1554185483.6426811
32,1554185483.6336257,1554185483.6605842,1554185483.6923287
32,1554185484.6667442,1554185484.6938353,1554185484.7258382
32,1554185485.700594,1554185485.7276545,1554185485.7594888
32,1554185486.7339063,1554185487.6197677,1554185487.6514935
32,1554185487.7671406,1554185487.8764014,1554185487.9083843
32,1554185488.8002543,1554185488.8274083,1554185488.8592763
32,1554185489.8337452,1554185490.619796,1554185490.65168
32,1554185490.8669436,1554185491.0365214,1554185491.068418
32,1554185491.900054,1554185493.6111293,1554185493.6428607
32,1554185492.933342,1554185493.6429892,1554185493.6746786
32,1554185493.9665709,1554185494.0924397,1554185494.1242018
32,1554185494.999796,1554185496.6199808,1554185496.651871
32,1554185496.0331407,1554185496.6519759,1554185496.6838086
32,1554185497.0663288,1554185497.104284,1554185497.1362145
32,1554185498.0995812,1554185498.611341,1554185498.6430137
32,1554185499.1327088,1554185499.1599104,1554185499.1918747
32,1554185500.1660004,1554185500.1932354,1554185500.2250073
32,1554185501.1994138,1554185502.6200867,1554185502.6519566
32,1554185502.2327962,1554185502.6520925,1554185502.683657
32,1554185503.266117,1554185503.6113951,1554185503.6429625
32,1554185504.2993023,1554185505.6201096,1554185505.6521773
32,1554185505.332431,1554185505.6523674,1554185505.684248
32,1554185506.3662827,1554185508.6114979,1554185508.6434026
32,1554185507.3994367,1554185508.6435483,1554185508.6753247
32,1554185508.433253,1554185508.6755097,1554185508.707177
32,1554185509.4664347,1554185511.6201477,1554185511.6517901
32,1554185510.4995594,1554185511.6519184,1554185511.6833482
32,1554185511.5326715,1554185511.6836257,1554185511.7152214
32,1554185512.0654495,1554185512.0924842,1554185512.1244373
32,1554185512.5982642,1554185513.6116004,1554185513.643247
32,1554185513.1308432,1554185513.643445,1554185513.6750364
32,1554185513.6635728,1554185513.6902616,1554185513.721881
32,1554185514.1960673,1554185514.2447867,1554185514.2767165
32,1554185514.7287376,1554185515.1165257,1554185515.1483138
32,1554185515.2614148,1554185515.6284115,1554185515.6601713
32,1554185515.7938895,1554185516.140618,1554185516.1723118
32,1554185516.3264036,1554185517.6201096,1554185517.65187
32,1554185516.8590834,1554185517.652051,1554185517.6835911
32,1554185517.3917446,1554185517.6837513,1554185517.7153049
32,1554185517.9245563,1554185518.032489,1554185518.064279
32,1554185518.457245,1554185518.5084562,1554185518.540465
32,1554185518.9899025,1554185520.6199887,1554185520.6518662
32,1554185519.522452,1554185520.6520827,1554185520.683924
32,1554185520.0551298,1554185520.6841152,1554185520.715916
32,1554185520.5878744,1554185520.7161129,1554185520.7479753
32,1554185521.1205454,1554185523.6118228,1554185523.6438234
32,1554185521.653906,1554185523.6440516,1554185523.6758063
32,1554185522.1866698,1554185523.6759987,1554185523.7084067
32,1554185522.7194526,1554185523.7086148,1554185523.740402
32,1554185523.2522154,1554185523.7405877,1554185523.7723746
32,1554185523.7849817,1554185523.8118799,1554185523.844548
32,1554185524.317618,1554185526.6202064,1554185526.6519916
32,1554185524.8503668,1554185526.6521227,1554185526.6836457
32,1554185525.3831413,1554185526.6838098,1554185526.715582
32,1554185525.9161184,1554185526.7157717,1554185526.7475696
32,1554185526.4488366,1554185526.7477145,1554185526.7794335
32,1554185526.9815183,1554185528.6117754,1554185528.6436055
32,1554185527.5142298,1554185528.6437955,1554185528.6753733
32,1554185528.0472796,1554185528.6755304,1554185528.7072499
32,1554185528.5799496,1554185528.7074156,1554185528.7391288
32,1554185529.113976,1554185529.6204615,1554185529.6523652
32,1554185529.6466975,1554185529.6733768,1554185529.705268
32,1554185530.1791797,1554185533.7227764,1554185533.7556198
32,1554185530.711929,1554185533.7558203,1554185533.7874584
32,1554185531.2447948,1554185533.7876534,1554185533.8192916
32,1554185531.7774084,1554185533.8194802,1554185533.8510642
32,1554185532.3102288,1554185533.8512576,1554185533.8828115
32,1554185532.8431013,1554185533.8829947,1554185533.9145947
32,1554185533.3757818,1554185533.9147644,1554185533.946212
32,1554185533.9085255,1554185533.9662497,1554185533.997879
32,1554185534.4411225,1554185535.4841855,1554185535.5159755
32,1554185534.9737072,1554185535.516226,1554185535.5490575
32,1554185535.5064938,1554185535.5491934,1554185535.5818536
32,1554185536.0390875,1554185536.4805675,1554185536.5123112
32,1554185536.571849,1554185536.5987294,1554185536.6305213
32,1554185537.104514,1554185537.4874632,1554185537.5193968
32,1554185537.637267,1554185537.9006448,1554185537.9325712
32,1554185538.1699202,1554185538.4955516,1554185538.5274937
32,1554185538.4521942,1554185538.5277202,1554185538.5595536
32,1554185538.7345572,1554185539.4692347,1554185539.5015721
32,1554185539.0168307,1554185539.5017517,1554185539.5335455
32,1554185539.2992663,1554185539.5337234,1554185539.5654588
32,1554185539.5816581,1554185539.6315038,1554185539.6635437
32,1554185539.8640628,1554185540.0524697,1554185540.0849037
32,1554185540.146516,1554185540.173399,1554185540.2052782
32,1554185540.4290833,1554185540.468135,1554185540.5001693
32,1554185540.7116137,1554185541.4682891,1554185541.5000584
32,1554185540.9939747,1554185541.500226,1554185541.532008
32,1554185541.2763057,1554185541.5321522,1554185541.5638604
32,1554185541.5587506,1554185541.5855472,1554185541.6172895
32,1554185541.841199,1554185541.970492,1554185542.0022569
32,1554185542.1240427,1554185542.4681702,1554185542.500321
32,1554185542.4078052,1554185542.5004408,1554185542.532221
32,1554185542.6905918,1554185543.4869566,1554185543.518727
32,1554185542.972853,1554185543.5189056,1554185543.5505807
32,1554185543.255482,1554185543.550751,1554185543.5821948
32,1554185543.5388613,1554185543.5823667,1554185543.6138687
32,1554185543.8211694,1554185544.486124,1554185544.5179849
32,1554185544.103702,1554185544.5182018,1554185544.550202
32,1554185544.386256,1554185544.5503738,1554185544.5822082
32,1554185544.6686137,1554185544.6955175,1554185544.7273428
32,1554185544.950998,1554185545.164553,1554185545.1962664
32,1554185545.2333412,1554185545.2600286,1554185545.2916443
32,1554185545.5157266,1554185545.5426579,1554185545.5743985
32,1554185545.7981741,1554185545.8250926,1554185545.8568003
32,1554185546.0807905,1554185546.28451,1554185546.3162704
32,1554185546.3634257,1554185546.3901877,1554185546.421903
32,1554185546.6460342,1554185547.4681966,1554185547.499977
32,1554185546.9286058,1554185547.5001829,1554185547.5315888
32,1554185547.2109144,1554185547.5317497,1554185547.5632446
32,1554185547.493318,1554185547.5633438,1554185547.5948179
32,1554185547.7756174,1554185548.4680579,1554185548.4997556
32,1554185548.05798,1554185548.4999235,1554185548.53165
32,1554185548.3404987,1554185548.5318184,1554185548.563375
32,1554185548.6229563,1554185548.6496522,1554185548.6813083
32,1554185548.905281,1554185549.4681437,1554185549.4999905
32,1554185549.1877856,1554185549.5001693,1554185549.5319173
32,1554185549.4702044,1554185549.5320892,1554185549.563732
32,1554185549.7525659,1554185549.77942,1554185549.811248
32,1554185550.0350146,1554185550.4681368,1554185550.5057983
32,1554185550.3176382,1554185550.5059412,1554185550.5376143
32,1554185550.6000903,1554185550.6316762,1554185550.663556
32,1554185550.8823142,1554185550.9091828,1554185550.9411473
32,1554185551.164775,1554185551.46808,1554185551.7180467
32,1554185551.4472065,1554185551.7182567,1554185551.7500753
32,1554185551.7296648,1554185551.7562757,1554185551.7878764
32,1554185552.012034,1554185552.4680152,1554185552.4999352
32,1554185552.2945282,1554185552.5000598,1554185552.531831
32,1554185552.451884,1554185552.5319774,1554185552.5637167
32,1554185552.6090086,1554185553.4680572,1554185553.5000272
32,1554185552.766145,1554185553.5001755,1554185553.5320208
32,1554185552.9233017,1554185553.5321403,1554185553.5638034
32,1554185553.080575,1554185553.5639136,1554185553.5963757
32,1554185553.2379625,1554185553.5965066,1554185553.6280527
32,1554185553.395099,1554185553.6282682,1554185553.6783419
32,1554185553.5521817,1554185553.678476,1554185553.7100189
32,1554185553.7112522,1554185553.7665079,1554185553.7983284
32,1554185553.8683152,1554185553.8951712,1554185553.9269774
32,1554185554.0257561,1554185554.0587242,1554185554.09041
32,1554185554.1830144,1554185554.467918,1554185554.4996665
32,1554185554.3400953,1554185554.4997706,1554185554.5311375
32,1554185554.497392,1554185554.5312603,1554185554.5628357
32,1554185554.6547003,1554185554.7764647,1554185554.8081837
32,1554185554.8119113,1554185554.8385928,1554185554.8703675
32,1554185554.9692235,1554185556.4682336,1554185556.4999921
32,1554185555.126614,1554185556.500126,1554185556.5317879
32,1554185555.283839,1554185556.5319262,1554185556.5635004
32,1554185555.4412363,1554185556.5636227,1554185556.5950058
32,1554185555.5990155,1554185556.5950954,1554185556.626709
32,1554185555.7560964,1554185556.6268284,1554185556.6590927
32,1554185555.914486,1554185556.6592464,1554185556.690915
32,1554185556.071699,1554185556.691102,1554185556.72813
32,1554185556.228831,1554185556.7283912,1554185556.7609017
32,1554185556.3860927,1554185556.7610044,1554185556.7950382
32,1554185556.543355,1554185556.795153,1554185556.8268826
32,1554185556.7005434,1554185556.8270662,1554185556.8587987
32,1554185556.8577123,1554185556.9185007,1554185556.9502864
32,1554185557.014925,1554185557.0419223,1554185557.0738413
32,1554185557.172481,1554185557.2966666,1554185557.3284411
32,1554185557.329778,1554185557.3563714,1554185557.3880584
32,1554185557.4869597,1554185558.1420686,1554185558.1738396
32,1554185557.6443465,1554185558.1740086,1554185558.2058675
32,1554185557.801428,1554185558.2060373,1554185558.3164058
32,1554185557.9586096,1554185558.3167255,1554185558.4520018
32,1554185558.1158464,1554185558.4522893,1554185558.4838457
32,1554185558.2729294,1554185558.4840553,1554185558.6127074
32,1554185558.4305317,1554185558.6130252,1554185558.6447701
32,1554185558.587672,1554185558.6449332,1554185558.6765637
32,1554185558.7446363,1554185559.6208947,1554185559.6530206
32,1554185558.9019144,1554185559.6532035,1554185559.7350268
32,1554185559.0597577,1554185559.7353501,1554185559.868663
32,1554185559.2169936,1554185559.8689523,1554185559.9028425
32,1554185559.374138,1554185559.903071,1554185560.0365155
32,1554185559.534466,1554185560.0368423,1554185560.0697315
32,1554185559.6917074,1554185560.0700388,1554185560.102024
32,1554185559.8489985,1554185560.102341,1554185560.20311
32,1554185560.005941,1554185560.2034354,1554185560.2361887
32,1554185560.1633294,1554185560.236431,1554185560.2680676
32,1554185560.2579372,1554185560.284387,1554185560.3161318
32,1554185560.3522668,1554185560.3791232,1554185560.410802
32,1554185560.4469385,1554185560.4737885,1554185560.5057218
32,1554185560.5416703,1554185560.5686457,1554185560.601351
32,1554185560.6366155,1554185560.663351,1554185560.6951952
32,1554185560.7313647,1554185560.7581713,1554185560.790176
32,1554185560.826092,1554185560.853075,1554185560.8851178
32,1554185560.9210029,1554185560.947913,1554185560.9799435
32,1554185561.0157914,1554185561.0427654,1554185561.0747085
32,1554185561.1106734,1554185561.137678,1554185561.1695952
32,1554185561.2056208,1554185561.2325802,1554185561.2645955
32,1554185561.3004148,1554185561.3273354,1554185561.3592696
32,1554185561.3952336,1554185561.4222088,1554185561.5332813
32,1554185561.4900987,1554185561.5335608,1554185561.6284704
32,1554185561.584944,1554185561.628732,1554185561.6605005
32,1554185561.679895,1554185561.706797,1554185561.738823
32,1554185561.7748108,1554185561.801754,1554185561.833781
32,1554185561.8696744,1554185561.8967154,1554185561.9285722
32,1554185561.96467,1554185561.991626,1554185562.023529
32,1554185562.0594993,1554185562.0864854,1554185562.1184704
32,1554185562.1544178,1554185562.1815171,1554185562.293117
32,1554185562.2494562,1554185562.2934124,1554185562.3882093
32,1554185562.3444536,1554185562.388632,1554185562.4832702
32,1554185562.4395,1554185562.4835515,1554185562.5154061
32,1554185562.5345457,1554185562.5614524,1554185562.5934324
32,1554185562.6293511,1554185562.6562524,1554185562.6882668
32,1554185562.7241478,1554185562.7512474,1554185562.7831943
32,1554185562.819152,1554185562.8462162,1554185562.9580593
32,1554185562.9142215,1554185562.958386,1554185563.0527258
32,1554185563.0090222,1554185563.0530193,1554185563.1479893
32,1554185563.1039896,1554185563.1482909,1554185563.2427475
32,1554185563.199014,1554185563.243026,1554185563.3377051
32,1554185563.294012,1554185563.3380067,1554185563.4325058
32,1554185563.3889713,1554185563.4328246,1554185563.527733
32,1554185563.4838943,1554185563.528082,1554185563.6124601
32,1554185563.5790014,1554185563.6127408,1554185563.6444695
32,1554185563.6738904,1554185563.7008388,1554185563.7328498
32,1554185563.7686708,1554185563.7957516,1554185563.8276951
32,1554185563.863908,1554185563.89114,1554185563.9231057
32,1554185563.9590507,1554185563.9860466,1554185564.0180326
32,1554185564.0539,1554185564.0808468,1554185564.1131139
32,1554185564.1487744,1554185564.175711,1554185564.2076635
32,1554185564.2437887,1554185564.2707553,1554185564.3027763
32,1554185564.3387187,1554185564.3657057,1554185564.3976989
32,1554185564.4336944,1554185564.4605386,1554185564.4925494
32,1554185564.5284045,1554185564.5554886,1554185564.5875351
32,1554185564.6232429,1554185564.6501145,1554185564.6820962
32,1554185564.7179215,1554185564.744834,1554185564.776814
32,1554185564.8126318,1554185564.8396454,1554185564.8715386
32,1554185564.9074965,1554185564.934423,1554185564.9663239
32,1554185564.9712856,1554185564.9981854,1554185565.0303774
32,1554185565.034972,1554185565.0621326,1554185565.0941863
32,1554185565.0987709,1554185565.1258326,1554185565.1579936
32,1554185565.162421,1554185565.1894786,1554185565.221597
32,1554185565.2260807,1554185565.2527761,1554185565.2847893
32,1554185565.2892442,1554185565.315982,1554185565.347961
32,1554185565.3526802,1554185565.379487,1554185565.4113884
32,1554185565.4161594,1554185565.4431636,1554185565.47519
32,1554185565.479937,1554185565.5068583,1554185565.5868554
32,1554185565.5434594,1554185565.587166,1554185565.6208613
32,1554185565.6068861,1554185565.6333673,1554185565.6651175
32,1554185565.670313,1554185565.6970582,1554185565.7771204
32,1554185565.7336602,1554185565.7774389,1554185565.809339
32,1554185565.7971556,1554185565.8238006,1554185565.8556266
32,1554185565.8603144,1554185565.8871953,1554185565.919159
32,1554185565.9237955,1554185565.9505024,1554185566.03083
32,1554185565.9872787,1554185566.031142,1554185566.0629299
32,1554185566.0507517,1554185566.0775173,1554185566.10952
32,1554185566.1140664,1554185566.1411765,1554185566.1731808
32,1554185566.1777725,1554185566.2047117,1554185566.2364979
32,1554185566.24137,1554185566.2682104,1554185566.3483977
32,1554185566.3049195,1554185566.348645,1554185566.411492
32,1554185566.3683782,1554185566.4117699,1554185566.4750226
32,1554185566.4318626,1554185566.4753144,1554185566.5385914
32,1554185566.4951677,1554185566.5388913,1554185566.6017573
32,1554185566.5585365,1554185566.602009,1554185566.6651838
32,1554185566.6219177,1554185566.665441,1554185566.6973135
32,1554185566.685386,1554185566.7120788,1554185566.7919512
32,1554185566.7486522,1554185566.7923381,1554185566.8243272
32,1554185566.8122456,1554185566.8390932,1554185566.919225
32,1554185566.875753,1554185566.9194622,1554185566.9511232
32,1554185566.9394598,1554185566.9659991,1554185567.0462074
32,1554185567.0027835,1554185567.0465212,1554185567.109678
32,1554185567.0662086,1554185567.110006,1554185567.1729958
32,1554185567.1296515,1554185567.1731966,1554185567.2048898
32,1554185567.1931198,1554185567.2198198,1554185567.3010688
32,1554185567.2574909,1554185567.301364,1554185567.3331218
32,1554185567.3211179,1554185567.3477511,1554185567.379597
32,1554185567.384938,1554185567.4116004,1554185567.4435632
32,1554185567.448274,1554185567.4750783,1554185567.5553727
32,1554185567.5117664,1554185567.555713,1554185567.6188624
32,1554185567.5753376,1554185567.6191068,1554185567.6821723
32,1554185567.6388257,1554185567.682514,1554185567.7457294
32,1554185567.70221,1554185567.7460325,1554185567.7825294
32,1554185567.7656956,1554185567.7924657,1554185567.8244786
32,1554185567.8291688,1554185567.8576965,1554185567.8897142
32,1554185567.89254,1554185567.9194942,1554185567.951471
32,1554185567.9561129,1554185567.9831476,1554185568.0152318
32,1554185568.0196848,1554185568.0465722,1554185568.0784733
32,1554185568.083552,1554185568.6122968,1554185568.643962
32,1554185568.247377,1554185568.6441925,1554185568.6756659
32,1554185568.2952101,1554185568.6758826,1554185568.7184672
32,1554185568.3430483,1554185568.718786,1554185568.7505965
32,1554185568.3909726,1554185568.750907,1554185568.7826626
32,1554185568.4387553,1554185568.7828562,1554185568.8155699
32,1554185568.486401,1554185568.8157818,1554185568.8635979
32,1554185568.534179,1554185568.8639207,1554185568.8956227
32,1554185568.5819159,1554185568.895828,1554185568.9595218
32,1554185568.6296937,1554185568.9597225,1554185569.0071394
32,1554185568.677283,1554185569.0073915,1554185569.0387766
32,1554185568.725086,1554185569.038907,1554185569.0704165
32,1554185568.772775,1554185569.070554,1554185569.102086
32,1554185568.820418,1554185569.1023574,1554185569.1501446
32,1554185568.8682804,1554185569.150554,1554185569.1979268
32,1554185568.9161365,1554185569.1982107,1554185569.2454615
32,1554185568.9641986,1554185569.2457366,1554185569.293493
32,1554185569.0118883,1554185569.293728,1554185569.341313
32,1554185569.0594234,1554185569.3415926,1554185569.3888958
32,1554185569.107205,1554185569.3891134,1554185569.420885
32,1554185569.1547425,1554185569.421031,1554185569.453435
32,1554185569.2024403,1554185569.4536002,1554185569.485356
32,1554185569.2502706,1554185569.4856215,1554185569.5319114
32,1554185569.2981539,1554185569.532189,1554185569.5796597
32,1554185569.346038,1554185569.5800025,1554185569.627355
32,1554185569.3937745,1554185569.6276093,1554185569.6592195
32,1554185569.4414048,1554185569.6593757,1554185569.6916873
32,1554185569.4888818,1554185569.6918557,1554185569.7235956
32,1554185569.5365741,1554185569.7238293,1554185569.7699113
32,1554185569.584172,1554185569.7701795,1554185569.8176184
32,1554185569.6318145,1554185569.8179183,1554185569.865426
32,1554185569.679252,1554185569.8657532,1554185569.9128814
32,1554185569.7267156,1554185569.9131575,1554185569.960687
32,1554185569.774384,1554185569.9610887,1554185570.0083115
32,1554185569.822208,1554185570.0085537,1554185570.056435
32,1554185569.869927,1554185570.056733,1554185570.1043196
32,1554185569.9176848,1554185570.1045997,1554185570.1519692
32,1554185569.9653928,1554185570.1521568,1554185570.2001815
32,1554185570.0129638,1554185570.200515,1554185570.2475626
32,1554185570.0607486,1554185570.2477732,1554185570.2795231
32,1554185570.1087844,1554185570.2796955,1554185570.3431995
32,1554185570.1567702,1554185570.3434892,1554185570.391433
32,1554185570.2045562,1554185570.391628,1554185570.439364
32,1554185570.252303,1554185570.4396157,1554185570.4877365
32,1554185570.2999952,1554185570.488136,1554185570.5197892
32,1554185570.3478537,1554185570.519974,1554185570.5834148
32,1554185570.3958073,1554185570.5836778,1554185570.6311066
32,1554185570.443976,1554185570.631379,1554185570.6716661
32,1554185570.4919524,1554185570.6719704,1554185570.7113922
32,1554185570.5400171,1554185570.711619,1554185570.7513957
32,1554185570.5879223,1554185570.7516136,1554185570.791222
32,1554185570.6281106,1554185570.7915087,1554185570.8310814
32,1554185570.6681914,1554185570.8312945,1554185570.8709407
32,1554185570.7080944,1554185570.8711863,1554185570.9108932
32,1554185570.7479527,1554185570.911187,1554185570.9506938
32,1554185570.787855,1554185570.9509509,1554185570.9903805
32,1554185570.827913,1554185570.9906085,1554185571.022316
32,1554185570.867792,1554185571.022607,1554185571.1623354
32,1554185570.9076378,1554185571.1627061,1554185571.1954436
32,1554185570.947417,1554185571.1957433,1554185571.2281952
32,1554185570.9871712,1554185571.2285056,1554185571.2826982
32,1554185571.0273142,1554185571.28301,1554185571.3228493
32,1554185571.183524,1554185571.3231666,1554185571.3627188
32,1554185571.223282,1554185571.36302,1554185571.402271
32,1554185571.279527,1554185571.4025114,1554185571.4420097
32,1554185571.3194854,1554185571.4422307,1554185571.4818778
32,1554185571.3591924,1554185571.4822185,1554185571.521952
32,1554185571.399126,1554185571.5222108,1554185571.5618782
32,1554185571.4388983,1554185571.562183,1554185571.601701
32,1554185571.4787874,1554185571.602008,1554185571.633734
32,1554185571.5185897,1554185571.633921,1554185571.6655161
32,1554185571.55857,1554185571.6657488,1554185571.7215378
32,1554185571.59839,1554185571.7218118,1554185571.761238
32,1554185571.6383348,1554185571.7614481,1554185571.7930017
32,1554185571.6782277,1554185571.7931666,1554185571.8250332
32,1554185571.718187,1554185571.8253074,1554185571.881284
32,1554185571.7580595,1554185571.8816009,1554185571.92125
32,1554185571.798145,1554185571.9215117,1554185571.9624538
32,1554185571.8384056,1554185571.9627218,1554185572.0019479
32,1554185571.8782525,1554185572.002268,1554185572.041066
32,1554185571.9184322,1554185572.0413527,1554185572.082725
32,1554185571.9581654,1554185572.0830073,1554185572.1230986
32,1554185571.9978971,1554185572.1234066,1554185572.1604242
32,1554185572.0377781,1554185572.1607194,1554185572.2002604
32,1554185572.0775387,1554185572.200534,1554185572.23988
32,1554185572.1174772,1554185572.2402043,1554185572.2798586
32,1554185572.1573308,1554185572.2801614,1554185572.3118103
32,1554185572.1970434,1554185572.3120797,1554185572.3595724
32,1554185572.2368236,1554185572.3598707,1554185572.399301
32,1554185572.2766879,1554185572.399598,1554185572.4318006
32,1554185572.3165298,1554185572.4320297,1554185572.4636083
32,1554185572.3563566,1554185572.4638753,1554185572.5189652
32,1554185572.3963776,1554185572.5192914,1554185572.5591636
32,1554185572.4360435,1554185572.5593908,1554185572.5990815
32,1554185572.4758794,1554185572.5993242,1554185572.6392999
32,1554185572.515849,1554185572.6396165,1554185572.6794696
32,1554185572.55583,1554185572.679757,1554185572.719014
32,1554185572.5959682,1554185572.7192292,1554185572.7592876
32,1554185572.6358962,1554185572.7595801,1554185572.795175
32,1554185572.6759915,1554185572.7954795,1554185572.8308082
32,1554185572.7160962,1554185572.8310246,1554185572.866702
32,1554185572.751992,1554185572.866977,1554185572.9022481
32,1554185572.7878518,1554185572.9025154,1554185572.9380457
32,1554185572.823784,1554185572.9382823,1554185572.9738703
32,1554185572.8595753,1554185572.9741538,1554185573.0096986
32,1554185572.8953245,1554185573.010019,1554185573.0454535
32,1554185572.9311275,1554185573.0457604,1554185573.0814981
32,1554185572.966845,1554185573.0816936,1554185573.117831
32,1554185573.0026243,1554185573.118138,1554185573.1538758
32,1554185573.0386274,1554185573.1541972,1554185573.189548
32,1554185573.074478,1554185573.1898391,1554185573.2214284
32,1554185573.1105373,1554185573.2216969,1554185573.2611065
32,1554185573.146442,1554185573.2613935,1554185573.296975
32,1554185573.1824791,1554185573.297185,1554185573.332833
32,1554185573.2182217,1554185573.3331356,1554185573.368731
32,1554185573.2540786,1554185573.369012,1554185573.40455
32,1554185573.2899115,1554185573.4048803,1554185573.44079
32,1554185573.3258176,1554185573.4410758,1554185573.4767673
32,1554185573.3615692,1554185573.476982,1554185573.512615
32,1554185573.3978152,1554185573.5129197,1554185573.5485268
32,1554185573.4337058,1554185573.5487754,1554185573.584659
32,1554185573.469743,1554185573.5849953,1554185573.6165566
32,1554185573.5055351,1554185573.6168008,1554185573.6484678
32,1554185573.5416586,1554185573.6486676,1554185573.692326
32,1554185573.5776415,1554185573.6925914,1554185573.728294
32,1554185573.6134906,1554185573.7286274,1554185573.7638743
32,1554185573.6494033,1554185573.7641375,1554185573.80415
32,1554185573.6853683,1554185573.8044276,1554185573.8361495
32,1554185573.7211401,1554185573.836447,1554185573.876306
32,1554185573.761089,1554185573.8766382,1554185573.912325
32,1554185573.7971869,1554185573.9125884,1554185573.9481213
32,1554185573.833289,1554185573.9484303,1554185573.9839451
32,1554185573.869368,1554185573.9842148,1554185574.019786
32,1554185573.9052455,1554185574.020081,1554185574.056204
32,1554185573.9410362,1554185574.0564885,1554185574.0919163
32,1554185573.9768448,1554185574.0922198,1554185574.1278543
32,1554185574.012925,1554185574.1281748,1554185574.1638503
32,1554185574.0489259,1554185574.164165,1554185574.1997817
32,1554185574.0847945,1554185574.200067,1554185574.235638
32,1554185574.1209605,1554185574.235947,1554185574.2715263
32,1554185574.156762,1554185574.2718263,1554185574.3072402
32,1554185574.192704,1554185574.3075125,1554185574.339102
32,1554185574.2286413,1554185574.3394148,1554185574.3808215
32,1554185574.2644575,1554185574.3811276,1554185574.4164255
32,1554185574.3005667,1554185574.416634,1554185574.452184
32,1554185574.3379269,1554185574.4525185,1554185574.4880896
32,1554185574.3736637,1554185574.4883926,1554185574.5238664
32,1554185574.409466,1554185574.524129,1554185574.621439
32,1554185574.4451437,1554185574.6217237,1554185574.6551344
32,1554185574.4808486,1554185574.6553125,1554185574.686982
