0,1,1555355246.80563,1555355246.81292,1555355246.84458,1555355246.85944
1,1,1555355246.83717,1555355246.87593,1555355246.9075,1555355246.92211
2,1,1555355246.86865,1555355246.93885,1555355246.97033,1555355246.98466
3,1,1555355246.90003,1555355247.00176,1555355247.0336,1555355247.04708
4,1,1555355246.93132,1555355247.06504,1555355247.09676,1555355247.10997
5,1,1555355246.96268,1555355247.12837,1555355247.16022,1555355247.17276
6,1,1555355246.99407,1555355247.19177,1555355247.22356,1555355247.23551
7,1,1555355247.02562,1555355247.25513,1555355247.287,1555355247.29904
8,1,1555355247.05733,1555355247.31846,1555355247.34981,1555355247.36143
9,1,1555355247.08889,1555355247.38129,1555355247.41288,1555355247.424
10,1,1555355247.12036,1555355247.4442,1555355247.47562,1555355247.48679
11,1,1555355247.15207,1555355247.50695,1555355247.53843,1555355247.54926
12,1,1555355247.18365,1555355247.56984,1555355247.60119,1555355247.61167
13,1,1555355247.21513,1555355247.63266,1555355247.66423,1555355247.67418
14,1,1555355247.24645,1555355247.69574,1555355247.72726,1555355247.73669
15,1,1555355247.27815,1555355247.75865,1555355247.79019,1555355247.79896
16,1,1555355247.30954,1555355247.82154,1555355247.85301,1555355247.86156
17,1,1555355247.34107,1555355247.88427,1555355247.91613,1555355247.9241
18,1,1555355247.37252,1555355247.9477,1555355247.97923,1555355247.98667
19,1,1555355247.40396,1555355248.01074,1555355248.04223,1555355248.04931
20,2,1555355247.43541,1555355248.07379,1555355248.1053,1555355248.11198
21,2,1555355247.46684,1555355248.13675,1555355248.16835,1555355248.17473
22,2,1555355247.49822,1555355248.19986,1555355248.23136,1555355248.23757
23,2,1555355247.52957,1555355248.26307,1555355248.29452,1555355248.30008
24,2,1555355247.56111,1555355248.32583,1555355248.35728,1555355248.36285
25,2,1555355247.59251,1555355248.3889,1555355248.42045,1555355248.4256
26,2,1555355247.62389,1555355248.45178,1555355248.48318,1555355248.48793
27,2,1555355247.65526,1555355248.51443,1555355248.54609,1555355248.55031
28,2,1555355247.6866,1555355248.57755,1555355248.60887,1555355248.61285
29,2,1555355247.71803,1555355248.64011,1555355248.6715,1555355248.67539
30,2,1555355247.74932,1555355248.70283,1555355248.73424,1555355248.73785
31,2,1555355247.78077,1555355248.7656,1555355248.79725,1555355248.80029
32,2,1555355247.81224,1555355248.82889,1555355248.86028,1555355248.89397
33,2,1555355247.84354,1555355248.89151,1555355248.92285,1555355248.95698
34,2,1555355247.87497,1555355248.95422,1555355248.98562,1555355248.98847
35,2,1555355247.90641,1555355249.01768,1555355249.04968,1555355249.08341
36,2,1555355247.93779,1555355249.08093,1555355249.11241,1555355249.1464
37,2,1555355247.96948,1555355249.14392,1555355249.17551,1555355249.20895
38,2,1555355248.00101,1555355249.2068,1555355249.23816,1555355249.27172
39,2,1555355248.03239,1555355249.26949,1555355249.30085,1555355249.33479
40,4,1555355248.06376,1555355249.33229,1555355249.36413,1555355249.39788
41,4,1555355248.09526,1555355249.39586,1555355249.4277,1555355249.46049
42,4,1555355248.12675,1555355249.45921,1555355249.49062,1555355249.52305
43,4,1555355248.15829,1555355249.52188,1555355249.5539,1555355249.58565
44,4,1555355248.18978,1555355249.58592,1555355249.61713,1555355249.64813
45,4,1555355248.2212,1555355249.64853,1555355249.68009,1555355249.71088
46,4,1555355248.25259,1555355249.7115,1555355249.74316,1555355249.77363
47,4,1555355248.28398,1555355249.77455,1555355249.80591,1555355249.83651
48,4,1555355248.31541,1555355249.83731,1555355249.86878,1555355249.89948
49,4,1555355248.34682,1555355249.90007,1555355249.93158,1555355249.96243
50,4,1555355248.37833,1555355249.96296,1555355249.99464,1555355250.0252
51,4,1555355248.4099,1555355250.02604,1555355250.05771,1555355250.08803
52,4,1555355248.44135,1555355250.08914,1555355250.12053,1555355250.15085
53,4,1555355248.47267,1555355250.15178,1555355250.18331,1555355250.21354
54,4,1555355248.504,1555355250.21469,1555355250.24612,1555355250.27646
55,4,1555355248.53543,1555355250.27743,1555355250.30885,1555355250.33907
56,4,1555355248.56718,1555355250.34062,1555355250.37218,1555355250.40184
57,4,1555355248.59858,1555355250.40366,1555355250.43529,1555355250.46476
58,4,1555355248.63028,1555355250.46675,1555355250.49843,1555355250.52751
59,4,1555355248.66182,1555355250.52995,1555355250.56176,1555355250.59045
60,8,1555355248.69355,1555355250.59319,1555355250.62489,1555355250.65339
61,8,1555355248.72497,1555355250.65641,1555355250.68817,1555355250.71636
62,8,1555355248.75638,1555355250.71948,1555355250.75092,1555355250.7793
63,8,1555355248.78774,1555355250.78219,1555355250.81371,1555355250.84219
64,8,1555355248.81919,1555355250.84505,1555355250.8764,1555355250.90504
65,8,1555355248.85071,1555355250.90781,1555355250.93972,1555355250.96809
66,8,1555355248.88215,1555355250.97112,1555355251.00273,1555355251.03127
67,8,1555355248.9137,1555355251.0342,1555355251.06589,1555355251.09431
68,8,1555355248.9451,1555355251.09735,1555355251.12875,1555355251.1572
69,8,1555355248.97648,1555355251.16006,1555355251.19166,1555355251.22004
70,8,1555355249.00787,1555355251.22313,1555355251.25464,1555355251.28272
71,8,1555355249.03935,1555355251.2859,1555355251.3172,1555355251.34558
72,8,1555355249.0709,1555355251.34854,1555355251.38001,1555355251.4086
73,8,1555355249.10224,1555355251.41135,1555355251.44303,1555355251.47148
74,8,1555355249.13378,1555355251.47444,1555355251.50608,1555355251.53443
75,8,1555355249.16539,1555355251.53762,1555355251.56932,1555355251.59739
76,8,1555355249.1969,1555355251.60076,1555355251.63214,1555355251.66034
77,8,1555355249.22839,1555355251.66347,1555355251.69497,1555355251.72333
78,8,1555355249.25987,1555355251.72643,1555355251.758,1555355251.78593
79,8,1555355249.29123,1555355251.78941,1555355251.82075,1555355251.84875
80,16,1555355249.32251,1555355251.85201,1555355251.88336,1555355251.91144
81,16,1555355249.3539,1555355251.91459,1555355251.94617,1555355251.97422
82,16,1555355249.38557,1555355251.97761,1555355252.00902,1555355252.0371
83,16,1555355249.4172,1555355252.0404,1555355252.0718,1555355252.09986
84,16,1555355249.44874,1555355252.10328,1555355252.13472,1555355252.16263
85,16,1555355249.48039,1555355252.16611,1555355252.19756,1555355252.22545
86,16,1555355249.51171,1555355252.22893,1555355252.26031,1555355252.28835
87,16,1555355249.54324,1555355252.29154,1555355252.32293,1555355252.35109
88,16,1555355249.57538,1555355252.35423,1555355252.38596,1555355252.41418
89,16,1555355249.60696,1555355252.41726,1555355252.44883,1555355252.47708
90,16,1555355249.63842,1555355252.48027,1555355252.51173,1555355252.53998
91,16,1555355249.67003,1555355252.5431,1555355252.5746,1555355252.60295
92,16,1555355249.70157,1555355252.60594,1555355252.63756,1555355252.66584
93,16,1555355249.73304,1555355252.66895,1555355252.70052,1555355252.72879
94,16,1555355249.76469,1555355252.73188,1555355252.76345,1555355252.79183
95,16,1555355249.796,1555355252.79487,1555355252.82624,1555355252.85452
96,16,1555355249.82749,1555355252.85759,1555355252.88922,1555355252.91743
97,16,1555355249.85898,1555355252.92057,1555355252.95215,1555355252.98038
98,16,1555355249.89038,1555355252.98358,1555355253.0151,1555355253.0434
99,16,1555355249.92194,1555355253.04674,1555355253.07835,1555355253.10667
100,32,1555355249.95358,1555355253.10982,1555355253.14143,1555355253.17011
101,32,1555355249.98535,1555355253.17308,1555355253.20476,1555355253.23314
102,32,1555355250.01743,1555355253.23621,1555355253.2679,1555355253.29615
103,32,1555355250.04892,1555355253.29937,1555355253.33097,1555355253.35893
104,32,1555355250.08028,1555355253.36243,1555355253.39403,1555355253.42163
105,32,1555355250.1117,1555355253.42556,1555355253.45724,1555355253.48455
106,32,1555355250.14313,1555355253.48909,1555355253.52074,1555355253.54788
107,32,1555355250.17461,1555355253.55227,1555355253.58392,1555355253.61085
108,32,1555355250.20605,1555355253.61552,1555355253.64719,1555355253.6744
109,32,1555355250.23751,1555355253.67863,1555355253.71028,1555355253.73748
110,32,1555355250.26877,1555355253.74175,1555355253.77336,1555355253.8004
111,32,1555355250.3001,1555355253.80477,1555355253.83626,1555355253.86329
112,32,1555355250.33142,1555355253.86767,1555355253.90005,1555355253.9262
113,32,1555355250.36281,1555355253.93144,1555355253.96303,1555355253.98898
114,32,1555355250.3942,1555355253.99447,1555355254.02609,1555355254.05208
115,32,1555355250.42556,1555355254.05769,1555355254.08935,1555355254.11525
116,32,1555355250.45698,1555355254.12102,1555355254.15272,1555355254.1784
117,32,1555355250.48848,1555355254.18447,1555355254.21609,1555355254.24117
118,32,1555355250.5199,1555355254.24759,1555355254.27923,1555355254.304
119,32,1555355250.55126,1555355254.31084,1555355254.34259,1555355254.36662
120,64,1555355250.58275,1555355254.37433,1555355254.40642,1555355254.42908
121,64,1555355250.61416,1555355254.439,1555355254.47067,1555355254.49165
122,64,1555355250.64553,1555355254.50214,1555355254.53394,1555355254.55446
123,64,1555355250.67723,1555355254.5656,1555355254.59725,1555355254.61713
124,64,1555355250.70872,1555355254.62886,1555355254.66066,1555355254.6797
125,64,1555355250.74014,1555355254.69216,1555355254.72373,1555355254.74247
126,64,1555355250.77161,1555355254.75562,1555355254.78721,1555355254.80527
127,64,1555355250.80305,1555355254.81859,1555355254.85004,1555355254.86791
128,64,1555355250.83462,1555355254.88135,1555355254.91281,1555355254.93082
129,64,1555355250.86609,1555355254.94414,1555355254.97576,1555355254.99372
130,64,1555355250.89747,1555355255.00711,1555355255.03859,1555355255.05667
131,64,1555355250.92898,1555355255.07001,1555355255.10148,1555355255.11966
132,64,1555355250.96048,1555355255.13291,1555355255.16428,1555355255.18256
133,64,1555355250.99212,1555355255.19577,1555355255.2274,1555355255.24558
134,64,1555355251.02356,1555355255.2588,1555355255.29018,1555355255.30867
135,64,1555355251.05491,1555355255.32149,1555355255.35288,1555355255.37179
136,64,1555355251.08641,1555355255.38427,1555355255.4167,1555355255.43481
137,64,1555355251.11789,1555355255.44814,1555355255.47977,1555355255.49732
138,64,1555355251.14932,1555355255.51119,1555355255.54281,1555355255.55985
139,64,1555355251.18065,1555355255.57427,1555355255.60592,1555355255.62263
140,128,1555355251.212,1555355255.63811,1555355255.66994,1555355255.68608
141,128,1555355251.24336,1555355255.70167,1555355255.73343,1555355255.74907
142,128,1555355251.27488,1555355255.76505,1555355255.7969,1555355255.81207
143,128,1555355251.30687,1555355255.82851,1555355255.86008,1555355255.87467
144,128,1555355251.33841,1555355255.89181,1555355255.9233,1555355255.93745
145,128,1555355251.36991,1555355255.95485,1555355255.98651,1555355256.00021
146,128,1555355251.40133,1555355256.01801,1555355256.04972,1555355256.06316
147,128,1555355251.43279,1555355256.08121,1555355256.11302,1555355256.12612
148,128,1555355251.46416,1555355256.14459,1555355256.1763,1555355256.18876
149,128,1555355251.49557,1555355256.20796,1555355256.23955,1555355256.2516
150,128,1555355251.52693,1555355256.27107,1555355256.30266,1555355256.31431
151,128,1555355251.55844,1555355256.33411,1555355256.36552,1555355256.37709
152,128,1555355251.58989,1555355256.39718,1555355256.42881,1555355256.44008
153,128,1555355251.62126,1555355256.46034,1555355256.49197,1555355256.50289
154,128,1555355251.65271,1555355256.52351,1555355256.55518,1555355256.56601
155,128,1555355251.68431,1555355256.58686,1555355256.61871,1555355256.62952
156,128,1555355251.71585,1555355256.65021,1555355256.68177,1555355256.69274
157,128,1555355251.74762,1555355256.71333,1555355256.7451,1555355256.75568
158,128,1555355251.7791,1555355256.77665,1555355256.80811,1555355256.81876
159,128,1555355251.81052,1555355256.83948,1555355256.87078,1555355256.88178
160,256,1555355251.84256,1555355256.90211,1555355256.93362,1555355256.94475
161,256,1555355251.87389,1555355256.96506,1555355256.99652,1555355257.00768
162,256,1555355251.90522,1555355257.02849,1555355257.06032,1555355257.07043
163,256,1555355251.93726,1555355257.09206,1555355257.12368,1555355257.13348
164,256,1555355251.96876,1555355257.1555,1555355257.18749,1555355257.19668
165,256,1555355252.00007,1555355257.21904,1555355257.25059,1555355257.25956
166,256,1555355252.03137,1555355257.28214,1555355257.31377,1555355257.32214
167,256,1555355252.06292,1555355257.34514,1555355257.37657,1555355257.38512
168,256,1555355252.09442,1555355257.40791,1555355257.43937,1555355257.44808
169,256,1555355252.12589,1555355257.47092,1555355257.50264,1555355257.51095
170,256,1555355252.1574,1555355257.53431,1555355257.56603,1555355257.57403
171,256,1555355252.18891,1555355257.59757,1555355257.62909,1555355257.63694
172,256,1555355252.22039,1555355257.66063,1555355257.69216,1555355257.69951
173,256,1555355252.25179,1555355257.72374,1555355257.75548,1555355257.76231
174,256,1555355252.28325,1555355257.78702,1555355257.81865,1555355257.82502
175,256,1555355252.3147,1555355257.85035,1555355257.88208,1555355257.88783
176,256,1555355252.34635,1555355257.91384,1555355257.94571,1555355257.95062
177,256,1555355252.37783,1555355257.97728,1555355258.00898,1555355258.01376
178,256,1555355252.40927,1555355258.0406,1555355258.0721,1555355258.07672
179,256,1555355252.44067,1555355258.10353,1555355258.13541,1555355258.13971
180,512,1555355252.47223,1555355258.16681,1555355258.19844,1555355258.20285
181,512,1555355252.50379,1555355258.22993,1555355258.26153,1555355258.26577
182,512,1555355252.53532,1555355258.29314,1555355258.32468,1555355258.32842
183,512,1555355252.56687,1555355258.35605,1555355258.38762,1555355258.39104
184,512,1555355252.59847,1555355258.41904,1555355258.45059,1555355258.45374
185,512,1555355252.63011,1555355258.48211,1555355258.51394,1555355258.51665
186,512,1555355252.66184,1555355258.5456,1555355258.57717,1555355258.58005
187,512,1555355252.69368,1555355258.60864,1555355258.64009,1555355258.6431
188,512,1555355252.72518,1555355258.67158,1555355258.70309,1555355258.70608
189,512,1555355252.75666,1555355258.73461,1555355258.7661,1555355258.76909
190,512,1555355252.78801,1555355258.79782,1555355258.8294,1555355258.86383
191,512,1555355252.81937,1555355258.86079,1555355258.89222,1555355258.8955
192,512,1555355252.85077,1555355258.92364,1555355258.95533,1555355258.95878
193,512,1555355252.88231,1555355258.98686,1555355259.01833,1555355259.02191
194,512,1555355252.91393,1555355259.04987,1555355259.08162,1555355259.08541
195,512,1555355252.94547,1555355259.11339,1555355259.14512,1555355259.1488
196,512,1555355252.97715,1555355259.17671,1555355259.20812,1555355259.2115
197,512,1555355253.00873,1555355259.23956,1555355259.27216,1555355259.275
198,512,1555355253.04049,1555355259.3039,1555355259.33525,1555355259.33817
199,512,1555355253.0721,1555355259.36677,1555355259.39819,1555355259.40113
200,1024,1555355253.10365,1555355259.42984,1555355259.46129,1555355259.46444
201,1024,1555355253.13536,1555355259.49271,1555355259.52411,1555355259.52718
202,1024,1555355253.16689,1555355259.55557,1555355259.58728,1555355259.5901
203,1024,1555355253.19841,1555355259.61873,1555355259.65027,1555355259.65321
204,1024,1555355253.23,1555355259.68195,1555355259.71388,1555355259.71645
205,1024,1555355253.26152,1555355259.7454,1555355259.77691,1555355259.79623
206,1024,1555355253.29311,1555355259.80833,1555355259.8399,1555355259.85941
207,1024,1555355253.32455,1555355259.87209,1555355259.9035,1555355259.92232
208,1024,1555355253.35592,1555355259.93495,1555355259.96665,1555355259.98564
209,1024,1555355253.38735,1555355259.99884,1555355260.03053,1555355260.04851
210,1024,1555355253.41864,1555355260.06215,1555355260.09382,1555355260.11151
211,1024,1555355253.45014,1555355260.12536,1555355260.157,1555355260.17406
212,1024,1555355253.48163,1555355260.18847,1555355260.22025,1555355260.23687
213,1024,1555355253.51318,1555355260.25181,1555355260.28347,1555355260.29978
214,1024,1555355253.54482,1555355260.31511,1555355260.34642,1555355260.36246
215,1024,1555355253.57651,1555355260.37773,1555355260.40919,1555355260.42537
216,1024,1555355253.60808,1555355260.44085,1555355260.47261,1555355260.48873
217,1024,1555355253.63953,1555355260.50423,1555355260.53595,1555355260.55203
218,1024,1555355253.67103,1555355260.56752,1555355260.599,1555355260.61471
219,1024,1555355253.70247,1555355260.63065,1555355260.6624,1555355260.67764
220,2048,1555355253.7341,1555355260.69403,1555355260.72572,1555355260.74045
221,2048,1555355253.76559,1555355260.75726,1555355260.78885,1555355260.80353
222,2048,1555355253.79716,1555355260.82025,1555355260.85172,1555355260.86636
223,2048,1555355253.82859,1555355260.88329,1555355260.91488,1555355260.92904
224,2048,1555355253.86106,1555355260.94651,1555355260.97808,1555355260.99184
225,2048,1555355253.89256,1555355261.00977,1555355261.04146,1555355261.05449
226,2048,1555355253.92414,1555355261.07328,1555355261.105,1555355261.11746
227,2048,1555355253.95577,1555355261.13675,1555355261.16821,1555355261.18051
228,2048,1555355253.98722,1555355261.19983,1555355261.23142,1555355261.24363
229,2048,1555355254.01862,1555355261.26302,1555355261.29452,1555355261.30655
230,2048,1555355254.05019,1555355261.32611,1555355261.35767,1555355261.36988
231,2048,1555355254.0817,1555355261.38929,1555355261.42083,1555355261.43286
232,2048,1555355254.11322,1555355261.45248,1555355261.48407,1555355261.49586
233,2048,1555355254.14475,1555355261.51572,1555355261.54736,1555355261.55903
234,2048,1555355254.17628,1555355261.57909,1555355261.61081,1555355261.62183
235,2048,1555355254.2079,1555355261.64242,1555355261.67399,1555355261.68473
236,2048,1555355254.23941,1555355261.7056,1555355261.73719,1555355261.74746
237,2048,1555355254.27083,1555355261.76888,1555355261.80068,1555355261.81031
238,2048,1555355254.30218,1555355261.83227,1555355261.8638,1555355261.87308
239,2048,1555355254.33364,1555355261.8954,1555355261.92693,1555355261.9374
240,4096,1555355256.54004,1555355261.95886,1555355269.55843,1555355269.58971
241,4096,1555355260.78814,1555355269.60328,1555355279.6025,1555355279.61468
242,4096,1555355260.81997,1555355279.63435,1555355289.64633,1555355289.67075
243,4096,1555355270.83188,1555355289.68454,1555355298.19653,1555355298.21593
244,4096,1555355270.86377,1555355298.22954,1555355299.69019,1555355299.69735
245,4096,1555355280.87607,1555355299.72218,1555355301.36458,1555355301.38398
246,4096,1555355280.90784,1555355301.39775,1555355309.73405,1555355309.74235
247,4096,1555355290.91987,1555355309.76685,1555355319.77784,1555355319.79291
248,4096,1555355290.95179,1555355319.80973,1555355326.3647,1555355326.38422
249,4096,1555355300.44929,1555355326.40021,1555355329.82151,1555355329.83464
250,4096,1555355300.9645,1555355329.85352,1555355329.88673,1555355329.89799
251,4096,1555355300.9963,1555355329.91854,1555355339.86531,1555355339.88086
252,4096,1555355311.00738,1555355339.89721,1555355349.90898,1555355349.93796
253,4096,1555355311.03934,1555355349.94102,1555355358.67288,1555355358.69236
254,4096,1555355320.44745,1555355358.70605,1555355359.95278,1555355359.95939
255,4096,1555355320.92745,1555355359.98468,1555355363.36465,1555355363.38433
256,4096,1555355321.05117,1555355363.39811,1555355364.36473,1555355364.36936
257,4096,1555355321.08302,1555355364.39668,1555355369.99637,1555355370.02373
258,4096,1555355321.15969,1555355370.02814,1555355380.04022,1555355380.06733
259,4096,1555355321.65814,1555355380.07203,1555355390.08431,1555355390.09466
260,8192,1555355321.69345,1555355390.11976,1555355400.12996,1555355400.14572
261,8192,1555355321.72865,1555355400.16544,1555355410.17382,1555355410.18663
262,8192,1555355321.76385,1555355410.20926,1555355420.21752,1555355420.2323
263,8192,1555355321.81288,1555355420.25378,1555355420.81731,1555355420.83903
264,8192,1555355321.85098,1555355420.85398,1555355430.26161,1555355430.29054
265,8192,1555355321.89817,1555355430.30576,1555355440.3056,1555355440.3374
266,8192,1555355321.93349,1555355440.35223,1555355450.34945,1555355450.36175
267,8192,1555355321.96882,1555355450.38637,1555355460.39321,1555355460.40207
268,8192,1555355322.00404,1555355460.42862,1555355470.43771,1555355470.47002
269,8192,1555355322.03926,1555355470.48511,1555355476.25631,1555355476.27723
270,8192,1555355322.08474,1555355476.29207,1555355480.481,1555355480.50347
271,8192,1555355322.12006,1555355480.51914,1555355490.52472,1555355490.56124
272,8192,1555355322.1553,1555355490.726,1555355500.56884,1555355500.59077
273,8192,1555355322.20315,1555355500.60563,1555355510.61243,1555355510.6211
274,8192,1555355322.23841,1555355510.64864,1555355514.36603,1555355514.38729
275,8192,1555355322.48075,1555355514.4024,1555355520.36591,1555355520.39975
276,8192,1555355322.98006,1555355520.41476,1555355520.65618,1555355520.68778
277,8192,1555355323.01528,1555355520.70276,1555355530.69942,1555355530.73611
278,8192,1555355323.0504,1555355530.90755,1555355540.74347,1555355540.75047
279,8192,1555355323.08572,1555355540.80611,1555355540.85403,1555355540.88101
280,16384,1555355325.85543,1555355540.92681,1555355550.78605,1555355552.06857
281,16384,1555355326.03712,1555355550.94872,1555355557.36458,1555355557.44897
282,16384,1555355326.14583,1555355557.45932,1555355557.55397,1555355557.77601
283,16384,1555355326.42247,1555355557.6657,1555355557.74555,1555355557.86936
284,16384,1555355326.64682,1555355557.82204,1555355557.91552,1555355557.96747
285,16384,1555355326.73976,1555355558.00896,1555355558.11996,1555355558.1896
286,16384,1555355326.84838,1555355558.21463,1555355560.82998,1555355560.91099
287,16384,1555355327.07039,1555355560.92473,1555355570.87419,1555355570.95626
288,16384,1555355327.15013,1555355570.94143,1555355580.91798,1555355580.97574
289,16384,1555355327.24333,1555355581.0112,1555355581.12118,1555355581.19509
290,16384,1555355327.35177,1555355581.21592,1555355581.29605,1555355581.3928
291,16384,1555355327.46058,1555355581.40662,1555355581.5045,1555355581.59514
292,16384,1555355327.54023,1555355581.57427,1555355581.6877,1555355581.73886
293,16384,1555355327.63443,1555355581.7558,1555355590.96236,1555355591.05354
294,16384,1555355327.74358,1555355591.05676,1555355591.36464,1555355591.44579
295,16384,1555355327.95941,1555355591.45927,1555355596.43731,1555355596.53051
296,16384,1555355328.03889,1555355596.54418,1555355596.66811,1555355596.72459
297,16384,1555355328.13183,1555355596.73708,1555355596.83022,1555355596.91452
298,16384,1555355328.22658,1555355596.89784,1555355601.00594,1555355601.08321
299,16384,1555355328.3915,1555355601.10014,1555355611.05069,1555355611.13212
300,32768,1555355328.53192,1555355611.23645,1555355611.34839,1555355611.46112
301,32768,1555355328.68651,1555355611.50355,1555355621.09457,1555355621.23659
302,32768,1555355328.8276,1555355621.34492,1555355621.47094,1555355621.58543
303,32768,1555355328.96689,1555355621.60017,1555355621.75681,1555355621.90031
304,32768,1555355329.12261,1555355621.88864,1555355627.36454,1555355627.50594
305,32768,1555355329.26403,1555355627.49551,1555355627.61987,1555355627.76331
306,32768,1555355329.40342,1555355627.74908,1555355627.90378,1555355628.0444
307,32768,1555355329.55803,1555355628.03041,1555355631.13973,1555355631.26751
308,32768,1555355329.69901,1555355631.3746,1555355631.49849,1555355631.61769
309,32768,1555355329.83814,1555355631.62572,1555355631.78029,1555355631.93527
310,32768,1555355329.99365,1555355631.93537,1555355634.36458,1555355634.50691
311,32768,1555355330.13482,1555355634.49076,1555355634.6144,1555355634.76007
312,32768,1555355330.274,1555355634.77262,1555355634.92736,1555355635.07781
313,32768,1555355330.42837,1555355635.08367,1555355641.18369,1555355641.32451
314,32768,1555355330.56936,1555355641.34382,1555355641.47271,1555355641.61585
315,32768,1555355330.70922,1555355641.65054,1555355641.80622,1555355641.93333
316,32768,1555355330.86381,1555355642.00695,1555355651.22933,1555355651.35371
317,32768,1555355331.00462,1555355651.38407,1555355651.5081,1555355651.65016
318,32768,1555355331.12989,1555355651.6687,1555355651.82346,1555355651.96593
319,32768,1555355331.28439,1555355651.98061,1555355660.44758,1555355660.59018
320,65536,1555355331.53137,1555355660.75787,1555355660.96409,1555355661.22441
321,65536,1555355331.88654,1555355661.18032,1555355661.4304,1555355661.66276
322,65536,1555355332.31097,1555355661.65031,1555355661.92746,1555355662.17906
323,65536,1555355332.60692,1555355662.1505,1555355662.46029,1555355662.7338
324,65536,1555355332.90317,1555355662.72344,1555355663.03166,1555355663.24308
325,65536,1555355333.19645,1555355663.33111,1555355663.63488,1555355663.84252
326,65536,1555355333.49306,1555355663.85068,1555355664.14518,1555355664.35553
327,65536,1555355333.72453,1555355664.36689,1555355664.66843,1555355664.90727
328,65536,1555355333.95563,1555355664.95254,1555355665.24709,1555355665.51613
329,65536,1555355334.20365,1555355665.50253,1555355665.81509,1555355666.08995
330,65536,1555355334.46538,1555355666.11093,1555355666.41905,1555355666.70628
331,65536,1555355334.91082,1555355666.63924,1555355666.94743,1555355667.22181
332,65536,1555355335.14228,1555355667.17254,1555355667.48074,1555355667.77199
333,65536,1555355335.3749,1555355667.74231,1555355671.31633,1555355671.59543
334,65536,1555355335.63728,1555355671.60908,1555355671.81488,1555355672.10999
335,65536,1555355336.02262,1555355672.14161,1555355681.36012,1555355681.64984
336,65536,1555355336.28989,1555355681.65371,1555355681.85991,1555355682.13028
337,65536,1555355336.58757,1555355682.07989,1555355691.40332,1555355691.59945
338,65536,1555355336.82137,1555355691.62488,1555355691.84103,1555355692.04644
339,65536,1555355337.13473,1555355692.08786,1555355692.33451,1555355692.55294
340,131072,1555355337.56769,1555355692.78703,1555355693.24964,1555355693.68516
341,131072,1555355337.95475,1555355693.63466,1555355694.02664,1555355694.39113
342,131072,1555355338.33782,1555355694.41325,1555355694.80238,1555355695.19614
343,131072,1555355338.87095,1555355695.21895,1555355695.60598,1555355696.01157
344,131072,1555355339.27156,1555355696.03001,1555355701.44619,1555355701.84163
345,131072,1555355339.648,1555355702.00798,1555355711.49102,1555355711.85568
346,131072,1555355340.16795,1555355711.93437,1555355712.30473,1555355712.70308
347,131072,1555355340.55599,1555355712.68844,1555355713.05944,1555355713.45254
348,131072,1555355341.03096,1555355713.43497,1555355713.82443,1555355714.18867
349,131072,1555355341.45691,1555355714.20229,1555355714.59479,1555355714.9596
350,131072,1555355341.8869,1555355714.97635,1555355715.36295,1555355715.72666
351,131072,1555355342.27515,1555355715.74099,1555355717.69876,1555355718.1001
352,131072,1555355342.66333,1555355718.08031,1555355718.4706,1555355718.82945
353,131072,1555355343.05311,1555355718.84517,1555355719.23378,1555355719.59784
354,131072,1555355343.44405,1555355719.60983,1555355720.01234,1555355720.39632
355,131072,1555355343.83329,1555355720.41022,1555355720.81104,1555355721.19401
356,131072,1555355344.2206,1555355721.19417,1555355721.59481,1555355721.96205
357,131072,1555355344.60692,1555355721.96924,1555355722.36977,1555355722.73342
358,131072,1555355344.99691,1555355722.75262,1555355723.13981,1555355723.52408
359,131072,1555355345.3791,1555355723.51973,1555355723.91376,1555355724.28177
360,262144,1555355346.00024,1555355724.53738,1555355725.16298,1555355725.79232
361,262144,1555355346.52613,1555355725.84207,1555355726.3833,1555355726.91391
362,262144,1555355347.04136,1555355726.92423,1555355727.46717,1555355727.97106
363,262144,1555355347.6795,1555355728.00835,1555355728.56292,1555355729.06899
364,262144,1555355348.34366,1555355729.1037,1555355729.64794,1555355730.15168
365,262144,1555355349.02298,1555355730.19715,1555355730.74311,1555355731.24707
366,262144,1555355349.5397,1555355731.29164,1555355731.83997,1555355732.36276
367,262144,1555355350.06362,1555355732.38673,1555355732.9319,1555355733.44765
368,262144,1555355350.58845,1555355733.60041,1555355734.15532,1555355734.6599
369,262144,1555355351.11247,1555355734.70866,1555355735.25453,1555355735.75692
370,262144,1555355351.63135,1555355735.80134,1555355736.34543,1555355736.85019
371,262144,1555355352.15902,1555355736.88997,1555355737.43464,1555355737.94165
372,262144,1555355352.67655,1555355737.97875,1555355738.52694,1555355739.03485
373,262144,1555355353.20186,1555355739.08032,1555355739.62518,1555355740.1271
374,262144,1555355353.72951,1555355740.16182,1555355740.71089,1555355741.21839
375,262144,1555355354.25535,1555355741.2533,1555355751.66767,1555355752.17368
376,262144,1555355354.77068,1555355752.21222,1555355761.70763,1555355762.2065
377,262144,1555355355.2853,1555355762.25102,1555355771.75117,1555355772.25758
378,262144,1555355355.8021,1555355772.29468,1555355775.4857,1555355775.99323
379,262144,1555355356.31533,1555355776.03182,1555355776.458,1555355776.96418
380,524288,1555355357.14066,1555355777.33996,1555355778.15329,1555355779.14845
381,524288,1555355357.86008,1555355779.05773,1555355779.85504,1555355780.6999
382,524288,1555355361.13674,1555355781.12782,1555355781.92488,1555355782.70396
383,524288,1555355361.83061,1555355783.01798,1555355783.81531,1555355784.88521
384,524288,1555355362.52792,1555355784.7345,1555355785.52695,1555355786.49123
385,524288,1555355363.41535,1555355786.53892,1555355787.32853,1555355788.32676
386,524288,1555355364.11517,1555355788.24792,1555355789.0377,1555355789.98747
387,524288,1555355364.80484,1555355790.0479,1555355790.83322,1555355791.71731
388,524288,1555355365.50596,1555355791.84293,1555355792.64551,1555355793.69052
389,524288,1555355366.19639,1555355793.57715,1555355794.3696,1555355795.47205
390,524288,1555355367.19136,1555355795.34247,1555355796.13169,1555355797.09792
391,524288,1555355367.93527,1555355797.14294,1555355797.93588,1555355798.89154
392,524288,1555355368.7604,1555355798.98258,1555355799.79171,1555355800.93816
393,524288,1555355369.49282,1555355800.80736,1555355801.60526,1555355802.61411
394,524288,1555355370.31614,1555355802.59316,1555355803.38388,1555355804.34974
395,524288,1555355371.03163,1555355804.42005,1555355805.2213,1555355806.12835
396,524288,1555355371.73512,1555355806.22029,1555355807.01664,1555355808.04323
397,524288,1555355372.52289,1555355808.15207,1555355808.94228,1555355810.00359
398,524288,1555355373.38233,1555355809.89847,1555355810.69384,1555355811.54306
399,524288,1555355374.15201,1555355811.88729,1555355812.67113,1555355813.5638
400,1048576,1555355375.50412,1555355814.12903,1555355821.96991,1555355824.56814
401,1048576,1555355376.88845,1555355823.31426,1555355827.36556,1555355829.33579
402,1048576,1555355378.32092,1555355829.1976,1555355832.0143,1555355834.03112
403,1048576,1555355379.70544,1555355833.797,1555355834.91877,1555355837.10721
404,1048576,1555355381.11293,1555355836.51207,1555355839.64077,1555355841.74905
405,1048576,1555355382.18175,1555355841.26302,1555355852.09957,1555355853.91481
406,1048576,1555355383.47294,1555355853.97697,1555355861.36536,1555355863.17813
407,1048576,1555355384.84884,1555355863.26084,1555355864.2833,1555355866.25532
408,1048576,1555355386.0811,1555355866.0026,1555355872.18537,1555355873.9067
409,1048576,1555355387.47278,1555355874.24574,1555355882.22934,1555355884.21397
410,1048576,1555355388.77465,1555355883.94948,1555355892.27249,1555355893.83385
411,1048576,1555355390.14811,1555355894.35989,1555355900.55237,1555355902.25461
412,1048576,1555355391.39273,1555355902.58753,1555355912.35944,1555355914.56532
413,1048576,1555355392.65897,1555355914.07772,1555355915.14001,1555355916.80746
414,1048576,1555355393.72608,1555355917.20708,1555355922.40238,1555355924.17068
415,1048576,1555355394.87204,1555355924.34372,1555355925.39174,1555355927.27945
416,1048576,1555355396.17734,1555355927.48197,1555355932.44561,1555355934.62678
417,1048576,1555355397.53734,1555355934.07953,1555355942.4894,1555355944.43329
418,1048576,1555355398.61258,1555355944.23779,1555355945.88394,1555355947.82814
419,1048576,1555355400.04924,1555355947.80312,1555355952.53267,1555355954.52228
